age,income,employment_length,credit_history_length,num_credit_lines,num_open_accounts,total_debt,debt_to_income_ratio,credit_utilization,num_late_payments,num_delinquencies,bankruptcies,loan_amount,loan_purpose,homeownership,num_dependents,credit_risk
56,34388,12,21,1,4,98239,0.37,0.14,7,3,0,25673,personal,rent,4,0
69,25569,33,21,7,6,44041,1.08,0.57,16,9,1,6239,personal,rent,4,1
46,89836,24,10,11,9,31954,1.29,0.87,19,0,0,27415,business,own,3,1
32,124573,6,24,4,1,8002,0.09,0.58,0,3,2,38888,home,own,1,0
60,56586,3,21,6,4,69783,1.89,0.72,13,3,1,28195,business,mortgage,1,1
25,147018,7,27,3,8,87234,1.68,0.37,16,9,2,40161,business,rent,3,1
38,32015,19,28,4,2,19738,0.59,0.09,9,8,0,30323,business,rent,1,1
56,65002,28,12,7,8,10703,0.15,0.46,11,2,0,35964,education,own,2,0
36,136594,9,17,0,5,49422,0.34,0.39,15,1,2,37234,business,mortgage,3,0
40,26254,33,1,0,3,83106,0.25,0.87,13,8,2,31763,auto,mortgage,3,1
28,37144,25,28,14,6,61899,0.25,0.24,15,8,2,35674,personal,rent,1,1
28,44214,2,20,3,7,12392,1.04,0.97,7,0,1,19105,education,own,0,1
41,125654,5,14,2,5,44724,0.49,0.96,9,5,0,45651,business,rent,1,0
70,100719,4,19,12,4,32299,0.72,0.25,16,9,2,30739,personal,own,5,1
53,91774,4,26,9,5,15641,1.98,0.35,17,7,0,49205,home,mortgage,0,1
57,26090,22,17,11,4,79534,1.37,0.9,19,2,2,32969,home,rent,3,1
41,31637,8,14,1,7,6305,1.9,0.97,15,8,0,15497,personal,rent,0,1
20,42415,34,18,11,0,98262,0.29,0.44,16,1,1,2816,auto,rent,2,1
39,44071,19,22,2,6,18782,0.76,0.32,15,5,0,27483,personal,mortgage,4,1
70,78243,34,23,10,9,78257,1.11,0.53,18,0,2,44481,personal,rent,0,1
19,130951,17,11,14,9,77963,0.15,0.69,7,6,0,23159,education,mortgage,5,0
41,145827,16,12,14,1,20566,0.01,0.27,5,2,1,4849,home,own,4,0
61,128215,23,21,10,8,67766,1.34,0.74,5,6,1,22612,home,mortgage,2,1
47,61240,2,10,13,0,6511,1.28,0.05,8,3,0,40617,business,own,5,1
55,146146,31,4,10,9,26177,0.82,0.05,3,8,2,34826,personal,mortgage,4,1
19,103807,34,28,0,5,4765,0.98,0.39,11,4,1,45498,personal,mortgage,2,1
38,121570,37,0,0,8,20354,0.83,0.35,11,2,1,19706,auto,rent,4,1
50,53434,12,23,5,0,23929,0.05,0.32,16,7,0,25563,home,mortgage,4,0
29,89724,24,2,4,3,28820,0.67,0.49,14,5,1,5359,auto,rent,1,1
39,135359,8,21,7,3,29523,0.35,0.32,8,1,1,31669,education,own,5,0
61,95697,3,18,1,8,71088,0.2,0.19,6,2,2,13809,business,own,5,0
42,48732,13,22,3,4,66163,1.91,0.31,9,7,2,39428,auto,rent,0,1
66,141465,36,28,7,4,77525,1.2,0.97,15,9,2,30454,home,own,5,1
44,31314,33,29,11,5,13780,1.46,0.41,11,6,0,8254,education,mortgage,5,1
59,43954,10,6,5,0,6589,0.63,0.44,6,9,1,46590,personal,rent,4,1
45,77108,2,11,0,0,34812,0.79,0.58,17,5,0,25785,education,rent,3,1
33,107044,27,14,14,8,93664,0.47,0.98,14,0,1,3093,auto,rent,1,0
32,107505,28,24,3,2,45939,0.19,0.24,5,8,1,45498,home,own,0,0
64,131195,8,4,0,3,51493,0.36,0.68,11,2,1,41985,auto,own,1,1
68,123081,2,14,12,0,93326,1.6,0.72,10,4,2,33009,personal,mortgage,0,1
61,56668,24,7,1,8,40953,1.36,0.61,19,6,0,17558,personal,mortgage,2,1
72,43061,33,9,4,7,65785,1.09,0.09,2,6,0,18718,home,rent,4,1
69,99252,11,25,13,1,19309,0.95,0.68,1,2,1,17705,business,mortgage,5,0
74,59749,8,15,7,7,54195,1.84,0.06,5,3,0,23082,education,own,5,1
20,149668,14,7,7,6,25901,0.15,0.6,4,9,2,13342,education,mortgage,3,0
54,124680,39,0,10,5,23576,0.56,0.74,17,6,0,13239,personal,own,1,1
68,36907,24,11,2,0,31508,0.7,0.21,15,7,1,47622,auto,mortgage,1,1
24,38777,4,4,10,6,74711,1.56,0.84,7,1,2,47665,auto,own,1,1
38,113229,10,2,12,9,25464,1.99,0.03,19,8,2,33274,business,own,5,1
26,71745,33,0,3,6,60281,0.48,0.84,10,6,1,12419,auto,mortgage,1,1
56,128464,23,3,9,8,16260,1.75,0.46,9,7,0,43832,education,mortgage,4,1
35,148077,14,7,10,0,35440,1.66,0.22,11,5,1,16003,auto,own,0,1
21,111865,37,2,13,1,95082,0.45,0.13,5,5,0,31866,business,rent,5,0
42,132428,7,9,5,8,56683,0.8,0.95,19,8,0,22988,education,mortgage,4,1
31,101818,4,1,10,8,41430,0.82,0.07,4,3,2,44027,auto,own,2,0
67,43624,25,10,10,5,1987,1.96,0.2,8,4,1,25908,education,mortgage,4,1
26,43321,17,24,9,5,25105,0.36,0.35,15,8,2,6674,personal,mortgage,4,1
43,30488,5,9,2,3,78484,1.6,0.62,13,0,1,6002,personal,mortgage,2,1
70,42574,36,20,1,3,13026,0.67,0.54,7,3,1,28567,personal,mortgage,4,1
19,25240,12,13,5,4,68309,1.46,0.13,19,6,2,1910,auto,mortgage,0,1
37,63221,27,6,10,2,45927,0.84,0.29,18,8,1,30072,business,rent,5,1
45,30478,4,26,12,0,75414,1.16,0.24,13,9,1,34717,education,rent,3,1
64,148055,12,26,14,0,57535,1.67,0.21,6,5,0,22809,home,rent,2,1
24,75645,16,1,4,6,42946,1.61,0.41,4,7,1,27651,personal,own,5,1
61,130698,39,8,13,0,56561,1.73,0.7,17,8,1,45291,personal,rent,1,1
25,39262,31,15,9,0,10377,0.12,0.22,1,9,2,44989,home,rent,0,0
64,138831,28,12,4,2,53592,1.38,0.37,10,3,2,17484,home,own,3,1
52,72796,2,8,9,9,7347,0.28,0.39,7,0,1,5646,auto,rent,0,0
31,24432,39,19,12,3,33776,0.83,0.98,0,7,0,40713,education,mortgage,0,1
34,115257,33,3,4,3,3783,1.1,0.95,11,1,0,3400,personal,rent,1,1
53,84291,39,21,9,1,55798,0.81,0.8,1,0,2,45331,business,rent,3,0
67,99104,26,9,11,0,4298,1.04,0.24,17,6,1,23185,auto,rent,0,1
57,79399,12,25,4,2,70204,1.99,0.07,6,9,1,19727,auto,mortgage,1,1
21,147600,32,25,2,3,86207,0.27,0.32,16,8,0,34120,business,mortgage,2,0
19,99714,5,21,6,2,55161,1.35,0.27,13,8,0,49257,business,mortgage,1,1
23,70428,23,11,5,7,60652,0.79,0.51,6,2,0,2018,business,mortgage,4,1
71,107731,18,16,3,9,34484,0.27,0.78,2,5,2,18563,home,own,5,0
59,145646,15,13,1,0,98614,0.32,0.86,5,6,1,6193,personal,mortgage,1,0
21,20302,39,13,11,1,20922,1.9,0.84,19,9,2,16701,home,mortgage,1,1
71,102558,27,24,8,6,34028,1.76,0.36,1,8,1,4536,personal,mortgage,1,1
46,20055,32,1,0,3,20316,1.81,0.69,16,1,2,49217,home,mortgage,0,1
35,131317,12,20,12,7,76996,1.98,0.31,11,7,1,45610,education,own,3,1
43,28717,24,24,12,2,16968,0.42,0.06,11,6,0,19886,personal,rent,1,0
61,147449,35,19,10,5,30266,0.71,0.7,16,3,0,37587,auto,rent,1,0
51,48699,26,10,14,8,95745,1.34,0.01,9,1,0,30410,personal,mortgage,4,1
27,93686,37,15,13,0,24000,0.97,0.41,2,7,2,34744,personal,mortgage,4,1
53,87661,6,18,3,0,14011,0.84,0.33,19,4,0,39665,personal,mortgage,2,1
31,64247,4,22,0,7,2866,0.72,0.69,17,5,1,16957,education,rent,2,1
48,134049,30,5,12,2,5898,1.19,0.77,12,6,2,49127,home,rent,4,1
65,36748,22,23,5,4,18395,1.15,0.3,11,9,1,47008,auto,mortgage,3,1
32,125113,9,18,3,0,39019,0.32,0.81,16,0,2,33875,home,rent,2,1
25,24621,31,4,4,4,4006,0.94,0.29,3,7,1,49292,home,own,5,1
31,35034,29,25,4,5,34393,1.11,0.45,9,3,1,2626,business,mortgage,5,1
40,131927,38,3,8,7,10956,1.14,0.73,10,8,2,26279,education,mortgage,3,1
74,147858,30,14,0,2,50042,0.42,0.69,5,0,2,7229,business,own,4,0
57,25126,17,28,12,2,96199,1.48,0.99,5,1,0,7877,education,own,2,1
38,25122,35,3,1,9,6078,0.05,0.23,8,5,0,34642,home,rent,1,0
33,38030,1,19,12,8,29631,0.71,0.66,14,9,1,39311,home,own,4,1
62,102838,13,9,5,3,95676,1.56,0.61,1,0,1,33356,education,mortgage,2,1
35,104717,12,23,4,3,62901,1.13,0.92,3,3,1,4809,home,rent,3,1
64,75658,28,21,10,6,69497,0.52,0.16,4,7,2,44371,home,own,5,0
70,58638,11,2,6,1,94813,1.39,0.75,16,9,2,35875,auto,rent,3,1
41,87067,38,25,2,7,41574,1.13,0.57,7,4,0,45513,business,rent,2,0
43,126476,1,4,2,5,31417,1.59,0.27,7,8,1,10465,business,rent,3,1
42,138033,31,5,9,2,88020,1.47,0.47,11,5,0,1559,business,rent,2,1
62,125977,12,20,1,8,83639,1.22,0.33,7,0,2,9308,personal,own,2,1
58,108869,26,21,12,4,65006,0.98,0.58,18,5,2,22353,auto,mortgage,3,1
46,125186,16,7,2,7,94881,0.27,0.89,2,5,2,16250,business,mortgage,0,0
32,54674,39,6,9,6,39454,0.52,0.57,17,5,0,47023,business,own,1,1
62,55854,30,20,0,7,1587,0.84,0.63,18,7,2,36814,auto,mortgage,4,1
18,66271,33,9,4,6,54710,1.2,0.52,18,5,1,47624,home,rent,5,1
42,93688,23,5,13,2,86567,1.03,0.05,14,4,0,17427,business,rent,1,0
24,58518,34,13,14,1,91748,0.58,0.23,5,1,2,34276,home,rent,4,1
26,131076,5,3,11,6,75886,0.01,0.49,15,3,0,7107,business,own,4,0
41,30267,18,27,4,2,18816,0.99,0.31,7,9,0,14476,education,rent,5,0
18,110825,29,24,11,2,85824,0.57,0.18,15,4,2,4439,personal,rent,1,0
61,21062,6,12,10,1,29432,1.47,0.5,17,9,2,21312,business,own,5,1
25,136664,9,19,6,3,48617,0.05,0.32,19,3,0,22795,education,rent,2,0
41,70448,31,16,3,7,72373,1.17,0.26,15,1,0,14136,auto,rent,5,1
28,115462,33,22,2,0,34217,1.88,0.46,10,6,2,15167,education,mortgage,3,1
68,26229,27,6,0,0,20884,0.35,0.13,6,9,1,18300,auto,own,0,0
34,76793,14,3,11,4,5454,0.94,0.93,16,9,0,18182,business,rent,0,1
25,134813,29,28,14,4,74960,0.18,0.87,16,1,0,5971,auto,rent,0,0
52,67915,36,13,7,0,43618,1.25,0.71,11,0,1,27909,education,rent,1,0
52,24632,28,2,12,5,83948,1.1,0.11,12,4,2,20659,personal,rent,1,1
50,124592,21,23,2,0,62671,0.81,0.78,9,0,2,32403,home,mortgage,2,1
22,23596,3,4,12,4,47111,1.04,0.81,6,0,1,49651,home,mortgage,0,0
59,129779,19,15,14,8,39613,1.79,0.77,13,0,2,34586,personal,mortgage,2,1
56,26168,31,25,1,4,85678,0.39,0.11,0,5,2,11360,home,mortgage,0,0
58,128099,35,22,10,5,59993,0.05,0.64,16,8,0,22424,business,own,1,0
45,27561,3,19,3,7,8848,1.72,0.83,3,9,0,33499,business,rent,3,1
24,93794,26,3,2,0,78672,1.15,0.58,4,0,0,45695,education,mortgage,3,1
26,102152,16,23,12,1,66125,1.78,0.65,19,4,1,49791,education,rent,3,1
25,145036,11,29,0,8,86444,1.19,0.46,6,8,2,4065,auto,own,5,1
29,144049,21,23,2,2,61602,1.62,0.53,9,8,2,4259,education,rent,3,1
51,46734,16,1,11,5,72045,0.86,0.03,16,0,0,13300,business,rent,4,1
50,26371,9,29,1,4,42222,1.5,0.64,6,7,0,34370,education,mortgage,0,1
65,138894,0,17,7,1,49223,1.83,0.08,0,0,1,5295,home,mortgage,3,1
72,46069,21,18,5,6,65333,1.14,0.44,6,7,2,28209,auto,own,4,1
40,99905,25,27,8,3,52732,0.36,0.29,10,0,1,43751,auto,rent,4,0
41,32910,17,27,7,0,49420,0.54,0.55,8,4,2,37295,business,mortgage,4,0
54,93479,13,18,9,3,75504,0.4,0.13,11,7,1,21927,education,mortgage,2,0
52,97735,28,16,2,5,2462,0.49,0.69,2,5,0,35579,home,mortgage,2,0
61,101264,11,13,4,6,9460,0.61,0.8,3,8,1,45871,education,own,4,0
57,43275,35,18,6,6,99319,1.11,0.16,3,0,1,10032,personal,rent,5,0
39,92274,34,21,4,6,9275,1.18,0.1,12,8,0,28718,education,mortgage,3,1
44,101449,11,23,7,2,94213,0.85,0.15,18,0,2,13877,business,rent,0,1
52,120776,6,12,11,5,13269,1.23,0.88,9,9,2,41731,education,own,5,1
18,80004,28,11,4,7,65942,0.16,0.53,4,9,0,48992,auto,rent,1,0
52,82981,10,29,0,3,72920,0.18,0.47,6,2,1,27666,home,mortgage,2,0
54,104659,32,25,4,7,22553,0.34,0.11,15,0,1,42684,business,rent,3,0
64,74553,5,5,3,1,24366,1.04,0.65,0,2,1,7766,personal,rent,3,0
31,68447,14,20,5,9,44036,0.43,0.87,11,1,2,23829,home,own,1,1
20,54529,31,3,2,8,17369,0.57,0.83,1,1,1,21221,home,own,1,0
18,146394,10,18,14,8,11795,0.8,0.63,6,8,2,26102,auto,rent,3,1
22,95703,22,15,10,7,70021,1.62,0.08,10,7,1,35433,auto,rent,1,1
43,96090,25,12,4,9,68154,0.03,0.11,12,0,0,16932,auto,rent,3,0
72,37260,33,3,1,9,30143,1.3,0.05,1,3,0,26714,business,own,5,1
31,132581,33,29,10,0,29425,1.34,0.26,6,0,2,40743,education,own,1,1
56,23812,28,22,5,1,88209,1.6,0.14,14,0,2,3552,home,rent,5,1
44,48024,3,16,12,5,75139,1.87,0.26,10,3,0,46987,education,own,5,1
26,78656,16,22,14,9,5368,0.04,0.39,1,1,0,15274,education,mortgage,1,0
32,136148,34,0,11,4,4621,0.31,0.94,6,2,1,46380,auto,own,3,0
32,47285,12,17,5,8,58829,1.77,0.61,3,8,0,30250,education,own,4,1
43,112436,38,19,4,4,60294,0.92,0.83,10,1,2,3808,home,own,3,1
59,136421,14,16,5,1,14719,1.13,0.71,1,3,0,44858,home,mortgage,0,0
30,21605,28,26,10,9,29227,1.33,0.11,15,0,2,46028,personal,mortgage,1,1
68,91158,28,27,6,3,7566,1.36,0.74,6,1,2,16295,business,mortgage,2,1
49,92303,10,26,11,8,12306,1.86,0.28,12,4,1,48605,education,rent,1,1
56,47139,31,14,4,0,53822,1.99,0.64,4,9,1,15669,business,rent,0,1
66,97149,1,10,0,0,24042,1.44,0.34,16,0,1,11523,business,mortgage,5,1
69,76138,13,24,7,6,15086,0.57,1.0,11,6,1,46530,business,rent,2,1
49,138205,19,27,3,2,17387,1.76,0.26,18,3,0,14769,business,rent,2,1
21,96125,21,21,8,9,27042,0.1,0.28,6,5,1,47499,home,rent,3,0
47,33918,10,12,13,1,89424,0.46,0.93,5,7,0,45645,education,mortgage,4,1
54,105655,26,0,9,8,51618,1.79,0.02,7,5,1,26207,personal,own,3,1
40,47446,2,16,11,2,92050,0.51,0.7,12,1,1,36224,business,mortgage,2,0
56,144040,16,5,5,1,18323,0.44,0.73,4,0,2,26557,personal,mortgage,2,1
62,33046,27,3,0,7,18019,0.28,0.84,1,7,0,39191,home,rent,4,0
32,149922,28,19,2,9,75426,1.72,0.97,8,7,2,15246,home,rent,1,1
60,44818,20,15,2,5,40863,1.0,0.98,10,8,1,13846,auto,own,4,1
46,120894,15,14,9,5,10283,1.35,0.07,5,5,0,38085,business,own,5,1
53,135751,36,26,11,9,18279,0.48,0.82,6,0,1,46403,auto,own,3,0
30,24324,19,14,11,6,46999,1.52,0.65,6,8,2,14470,personal,own,1,1
49,96323,5,5,3,6,62780,1.52,0.65,18,2,0,14176,education,mortgage,3,1
24,29111,18,14,5,5,22908,0.63,0.13,5,5,2,42881,auto,own,4,0
68,58110,4,13,14,3,61584,0.82,0.65,10,9,1,14546,home,mortgage,1,1
39,36389,2,27,6,8,50225,0.42,0.98,10,9,1,7805,business,rent,4,1
45,142177,0,10,9,5,37952,1.95,0.91,6,8,1,17788,personal,own,5,1
19,61427,37,6,3,3,37663,1.29,0.44,1,2,0,30348,home,rent,0,1
59,99579,14,8,5,2,61381,1.87,0.04,18,4,2,9080,education,rent,2,1
62,48746,33,25,10,3,47929,0.61,0.36,3,4,2,36886,business,mortgage,1,0
74,142883,34,15,0,2,9343,1.56,0.83,5,9,1,24764,education,own,2,1
70,107886,24,4,13,1,76173,1.53,0.7,16,6,2,7630,education,mortgage,0,1
23,127141,23,24,7,4,39791,1.38,0.46,4,3,0,34333,business,rent,1,0
45,20117,11,19,6,1,29134,1.93,0.06,6,3,1,16701,business,own,2,1
45,145808,17,28,14,5,47101,0.79,0.43,8,6,1,15859,education,rent,2,1
61,132221,14,9,10,2,69443,0.26,0.47,0,8,1,22183,personal,rent,1,0
61,104471,15,17,10,5,99111,1.34,0.93,0,3,0,41438,business,own,2,0
37,132613,26,2,8,9,57530,1.46,0.64,18,3,1,32749,home,own,2,1
47,33234,7,12,2,8,46799,1.15,0.31,5,5,1,32887,auto,own,1,1
28,149597,24,10,1,0,4827,0.41,0.53,17,5,1,43244,personal,mortgage,2,0
72,123864,16,16,0,5,96143,1.01,0.07,9,6,1,9776,business,mortgage,2,1
45,73441,28,29,2,8,62653,0.62,0.97,10,0,2,16021,business,rent,3,1
42,20846,7,29,4,3,13699,0.85,0.36,0,2,1,5327,personal,own,5,0
56,30954,14,21,13,1,91419,1.29,0.48,0,8,0,49043,auto,rent,3,1
50,99239,26,12,10,3,5313,1.49,0.36,12,5,1,8614,education,rent,0,1
18,133689,6,5,1,0,13598,0.46,0.68,4,5,1,2245,home,rent,3,0
74,66514,2,16,11,2,28807,0.81,0.66,19,4,2,42011,business,rent,3,1
44,108236,28,26,2,9,70423,0.54,0.72,0,2,1,11355,auto,rent,0,0
74,117579,23,12,14,8,69390,0.4,0.27,19,4,2,34305,home,own,2,1
69,148644,2,18,14,9,45226,1.57,0.32,2,0,0,49692,personal,mortgage,2,0
30,26469,19,20,14,4,59550,1.82,0.13,17,2,2,30714,business,own,3,1
58,50105,14,18,3,5,80072,0.74,0.66,8,3,1,18198,education,own,0,0
20,62101,24,9,6,2,3558,1.5,0.04,13,4,0,2415,personal,own,2,1
56,84323,29,2,12,4,75308,1.79,0.6,16,9,1,44798,business,mortgage,4,1
23,111922,13,13,2,7,50113,1.69,0.87,13,8,2,2652,auto,mortgage,1,1
25,78067,6,25,14,5,52999,0.37,0.89,3,3,0,44625,home,mortgage,1,0
44,69376,16,18,8,3,55878,1.91,0.45,4,2,0,21446,home,own,5,1
26,65587,19,4,7,1,36343,0.75,0.46,16,9,2,19740,business,mortgage,1,1
54,56976,35,28,3,8,58219,0.68,0.08,1,0,2,4810,personal,rent,3,0
50,124587,8,4,12,0,35186,0.12,0.67,4,9,0,17569,education,mortgage,1,0
68,147534,37,19,0,0,36966,0.97,0.82,3,5,0,35319,auto,own,1,1
59,87584,21,16,0,3,33769,0.22,0.24,3,6,2,14584,business,own,4,0
61,124537,1,20,0,6,53218,0.5,0.42,5,9,1,27783,auto,rent,2,0
41,98477,23,9,0,0,19229,0.63,0.84,19,7,0,34529,home,mortgage,4,1
32,130911,7,4,7,8,75209,1.62,0.88,12,0,2,13511,education,mortgage,3,1
71,62533,10,3,2,3,27877,1.75,0.24,4,3,1,10471,auto,rent,1,1
49,21828,12,5,14,2,58001,0.6,0.55,6,4,0,46235,business,own,2,1
49,21917,16,25,5,0,97137,1.72,0.19,19,1,0,7163,education,own,5,1
41,40618,7,3,2,9,38084,1.71,0.1,0,0,2,17065,personal,mortgage,5,1
58,52254,20,29,10,3,81780,1.53,0.91,13,7,1,45654,business,mortgage,1,1
69,125292,17,6,4,8,92892,0.29,0.82,3,5,0,18920,auto,mortgage,1,0
66,136714,29,6,12,9,16806,1.38,0.76,16,4,1,39969,education,mortgage,5,1
66,67362,17,17,14,5,88635,1.89,0.05,13,8,1,49348,business,mortgage,5,1
69,40128,30,2,13,5,37034,1.37,0.84,15,1,0,20154,education,own,3,1
29,143781,37,0,12,0,40317,0.66,0.44,13,9,1,41167,education,own,1,1
56,131281,31,23,14,9,55468,1.0,0.34,15,7,0,21229,education,own,5,1
19,79383,10,24,6,1,19094,1.29,0.55,19,9,1,27997,auto,own,0,1
20,85545,24,3,1,5,57796,1.02,0.09,7,8,0,22101,business,rent,5,0
66,102180,32,5,5,1,10589,0.24,0.76,2,0,2,41391,home,own,2,0
54,107958,37,8,12,2,57221,0.62,0.58,18,6,0,11327,home,rent,2,1
66,29865,7,21,5,3,1657,1.6,0.19,0,7,0,8187,auto,own,0,1
73,22219,10,13,10,4,98300,1.72,0.19,1,2,0,30685,auto,mortgage,3,1
34,59809,21,27,2,8,39531,0.27,0.18,14,3,1,35948,education,mortgage,1,0
66,136748,23,11,5,3,52227,1.9,0.06,9,2,2,35728,business,mortgage,1,1
19,25287,16,27,9,8,3164,0.66,0.59,17,6,1,38921,business,rent,5,1
19,146593,11,24,9,9,93078,1.32,0.84,13,8,1,8035,personal,own,2,1
45,54387,31,19,13,2,83973,1.5,0.02,16,2,0,12471,personal,own,3,1
71,28512,14,23,4,7,41247,1.62,0.05,12,5,1,29460,home,rent,3,1
40,21342,15,24,11,0,19601,1.89,0.57,0,7,0,22071,personal,rent,3,1
54,83076,21,3,1,8,93966,0.63,0.82,4,5,2,1582,personal,rent,5,1
49,128872,27,20,8,8,50599,1.72,0.33,12,1,1,49282,home,rent,1,1
50,39216,19,29,7,9,71545,0.26,0.35,13,6,1,27189,home,rent,3,0
18,137512,32,23,2,1,4552,1.41,0.6,2,1,1,16531,personal,mortgage,5,1
36,136682,9,11,7,3,9417,1.48,0.27,14,1,0,17672,business,own,5,1
19,113070,39,9,13,7,58579,1.36,0.03,18,1,0,41747,personal,rent,0,1
70,99767,31,29,8,6,68207,0.5,0.74,16,0,1,21243,education,mortgage,4,0
61,117829,32,21,13,0,72055,1.75,0.63,2,0,1,4060,education,rent,3,1
43,46614,1,27,14,4,78270,0.34,0.58,15,6,2,14731,education,mortgage,4,1
49,56258,32,6,2,6,3722,0.11,0.74,13,4,2,13294,auto,rent,1,1
23,113789,32,2,2,3,70442,1.43,0.68,11,2,2,21719,education,own,5,1
49,62078,12,22,1,0,95632,0.95,0.21,11,0,2,48042,business,rent,3,1
72,126288,29,27,7,8,40031,1.7,0.35,10,9,2,27325,auto,rent,2,1
21,103524,32,13,9,4,79235,0.77,0.13,16,5,0,23597,auto,own,1,1
72,116573,12,23,0,1,21438,0.34,0.13,7,0,2,2903,education,own,0,0
28,32219,25,9,7,7,58819,1.67,0.68,16,8,2,15551,personal,rent,0,1
73,20235,21,15,6,1,43856,1.1,0.86,19,1,1,28751,home,own,4,1
34,62929,38,15,13,2,33576,0.38,0.96,10,0,0,25278,personal,own,5,0
55,147309,1,21,6,9,41938,1.44,0.63,1,6,2,26653,personal,mortgage,4,1
41,87444,37,9,2,0,49028,1.02,0.18,9,5,2,16141,auto,own,2,0
22,28567,38,24,0,1,59807,1.21,0.11,9,5,2,3377,auto,own,2,1
69,121834,25,12,3,6,49877,0.92,0.81,10,4,1,34615,auto,rent,0,1
51,90792,14,5,8,9,97783,1.66,0.58,5,3,1,48148,business,rent,3,1
23,85441,33,11,4,1,43461,1.66,0.62,3,3,1,28452,business,mortgage,0,1
39,104555,39,8,0,5,93474,1.42,0.78,11,2,2,23725,home,rent,0,1
28,93698,10,12,14,2,40469,0.21,0.7,10,9,1,10524,auto,own,2,1
65,144450,2,3,4,3,83136,1.68,0.83,12,7,2,48999,education,own,4,1
33,137248,5,23,12,7,20435,1.34,0.06,4,6,0,12698,auto,own,2,1
50,25415,8,10,7,2,84117,1.39,0.75,5,8,2,44339,business,rent,5,1
26,56159,5,19,7,9,14191,0.73,0.85,0,0,1,22175,auto,own,2,0
23,63925,8,17,4,5,84726,1.76,0.29,5,6,0,13314,business,own,2,1
33,146523,38,25,11,0,27386,1.45,0.64,17,9,2,45197,auto,mortgage,0,1
46,25951,30,10,8,6,31721,0.23,0.31,8,3,0,3365,education,mortgage,3,0
20,107388,31,24,14,7,54786,0.82,0.96,14,6,0,33017,home,mortgage,0,1
37,28007,11,20,0,7,13704,1.77,0.03,7,0,0,33126,education,rent,1,1
53,146730,7,3,3,2,56635,0.09,0.58,18,4,2,44372,business,own,2,0
36,61832,7,17,2,9,2123,1.92,0.17,15,2,1,45134,personal,own,2,1
43,78596,27,0,1,0,90710,1.36,0.71,5,4,2,38823,education,own,1,1
20,141101,19,26,14,8,62993,1.26,0.18,5,3,1,6622,auto,mortgage,2,1
36,50523,6,6,7,5,80122,0.54,0.24,2,1,2,31540,home,own,2,0
37,108861,10,5,6,8,97512,0.5,0.49,9,3,2,41551,auto,own,5,0
49,144194,19,14,8,6,25416,1.88,0.91,0,2,2,2949,auto,own,2,1
24,106740,15,17,1,0,1814,0.6,0.21,13,0,1,43800,education,own,1,1
69,35524,3,23,13,0,78537,1.55,0.14,3,9,2,32912,home,own,0,1
58,149028,5,10,13,5,50258,0.79,0.76,11,7,0,33161,personal,rent,2,1
50,39282,21,19,3,4,16508,0.28,0.5,5,4,2,45387,auto,own,3,0
57,43930,25,23,13,8,85166,0.02,0.91,10,3,0,17508,home,rent,1,0
56,20077,2,14,14,1,78916,1.09,0.15,11,9,1,46592,personal,own,4,1
35,125881,13,15,5,7,35699,1.95,0.65,9,4,1,44713,auto,rent,5,1
57,145501,10,6,10,4,46335,0.74,0.23,17,3,2,2919,home,own,1,1
18,40611,17,20,2,1,46806,0.71,0.16,6,2,2,43595,education,own,0,1
28,36984,11,9,7,9,77853,0.69,0.68,6,4,2,10617,auto,own,1,1
45,34060,22,25,2,5,63768,1.04,0.59,10,3,0,10732,auto,own,4,1
74,102985,11,11,13,9,35739,0.88,0.75,3,0,1,34298,home,mortgage,5,1
42,104056,12,23,11,7,34785,1.76,0.31,19,2,0,41617,auto,own,3,1
67,145329,24,13,12,3,31980,1.01,0.45,0,9,0,7929,personal,rent,4,1
40,63303,18,24,12,1,89335,1.02,0.41,12,9,2,38117,auto,mortgage,1,1
48,79207,35,4,1,4,94702,0.28,0.98,17,7,2,15456,business,mortgage,4,1
47,95046,7,25,12,1,85016,1.97,0.29,8,6,0,45063,personal,own,1,1
59,49287,28,20,12,1,1609,0.5,0.29,8,1,0,22140,home,rent,3,0
52,113709,31,17,2,5,66253,0.15,0.35,8,0,2,19185,personal,rent,3,0
24,59711,17,4,10,9,85481,1.33,0.56,9,2,2,38924,business,mortgage,0,1
33,31954,5,2,5,8,91128,1.19,0.25,1,4,0,25240,business,rent,3,1
43,93340,17,22,1,3,28141,0.83,0.92,5,9,2,22845,auto,own,2,1
65,92101,18,25,7,5,30009,0.84,0.27,14,0,2,10228,auto,own,4,1
74,91520,21,4,0,6,6782,1.57,0.9,2,2,0,22686,education,own,4,1
69,107062,36,23,6,5,92072,0.39,0.1,10,2,0,12920,personal,own,1,0
66,122974,31,16,1,7,99352,1.64,0.66,5,4,1,8432,education,own,3,1
19,38574,2,18,9,3,25933,1.3,0.91,2,2,0,45971,business,mortgage,0,1
18,29184,27,18,11,0,77154,0.84,0.17,10,8,2,7189,auto,own,0,1
65,39096,9,24,5,6,8307,0.92,0.97,14,0,0,29039,auto,own,0,1
29,87728,34,20,11,2,92207,0.51,0.45,12,3,0,34910,auto,mortgage,5,0
22,54016,28,11,1,5,75874,1.5,0.95,19,9,0,31226,home,mortgage,2,1
54,31246,14,24,1,1,38346,1.03,0.68,9,9,1,8614,business,mortgage,3,1
49,65558,32,28,9,8,50772,0.64,0.3,5,3,1,48021,auto,rent,0,1
72,138721,6,8,12,0,72084,1.19,0.19,14,0,2,22224,business,rent,2,1
26,38381,11,0,7,5,40149,1.99,0.3,17,1,1,19013,auto,own,4,1
58,147796,29,17,14,5,86700,0.87,0.09,17,0,0,22446,personal,own,1,1
52,56455,20,20,14,4,27526,1.84,0.14,6,5,1,40673,business,own,3,1
36,112263,30,3,11,4,96758,0.69,0.1,14,2,0,38657,education,rent,3,0
65,24018,23,9,1,0,85712,0.11,0.42,17,6,1,5839,home,own,5,0
33,31302,19,24,6,9,68477,0.41,0.8,17,4,1,37725,education,own,4,1
20,87506,36,6,2,4,5695,0.84,0.14,19,8,1,31203,business,rent,3,1
37,61157,3,21,7,1,39169,0.44,0.13,8,6,0,1557,auto,mortgage,5,0
41,74917,27,22,6,6,47947,0.0,0.64,1,3,1,31666,business,rent,5,0
71,112738,19,0,13,2,47224,1.83,0.2,7,4,0,38389,home,own,5,1
73,116646,23,16,7,3,45865,1.69,0.1,19,4,0,48700,business,rent,3,1
50,103122,31,23,13,2,25553,1.48,0.17,1,4,2,34607,auto,mortgage,3,1
41,44519,35,28,6,2,60410,0.34,0.92,10,9,1,25578,education,mortgage,3,1
69,116809,33,28,10,3,90895,0.24,0.82,6,8,2,10243,personal,mortgage,2,1
28,107487,35,1,5,4,24816,0.14,0.35,5,9,2,10596,education,mortgage,5,0
66,76819,1,27,12,0,55026,1.45,0.66,9,2,0,7998,auto,mortgage,2,1
25,100910,14,25,6,3,50705,1.86,0.54,4,5,1,11129,auto,mortgage,1,1
53,140430,33,10,4,7,61922,0.86,0.68,10,7,0,1510,home,own,3,0
55,91324,35,8,6,9,73914,0.24,0.68,0,8,0,12596,business,own,4,1
57,25408,5,6,0,6,1881,1.02,0.63,1,6,1,13974,business,rent,0,1
37,79379,38,21,0,8,39567,0.7,0.27,0,2,0,2137,education,own,1,0
52,45053,11,16,8,4,47365,0.75,0.04,18,0,1,47468,personal,mortgage,0,1
65,29446,2,16,13,9,79211,1.24,0.46,1,3,1,28897,personal,own,0,1
42,20922,17,1,4,3,70122,1.44,0.89,19,5,0,5666,home,rent,3,1
52,118723,39,5,12,7,25006,0.22,0.57,3,2,0,9906,auto,mortgage,4,0
42,71356,20,13,4,8,41198,0.07,0.83,11,0,2,22818,home,own,0,0
46,30789,14,5,2,6,22831,1.99,0.99,19,5,0,44246,business,own,5,1
35,117720,32,1,4,6,16459,0.47,0.16,17,0,1,3654,auto,rent,0,1
63,86656,34,0,2,4,32443,0.11,0.69,0,8,2,34758,home,mortgage,1,0
35,64028,25,9,8,3,42316,0.38,0.67,0,0,1,25204,education,rent,4,0
19,84484,7,20,8,9,96131,0.08,0.98,13,5,2,35928,business,mortgage,4,0
71,52154,35,4,5,0,64486,0.78,0.99,3,0,0,31552,personal,mortgage,0,0
52,102870,29,1,14,9,5877,1.6,0.69,4,6,0,48904,home,own,4,1
33,22336,22,21,0,9,39553,0.68,0.24,10,2,0,11336,business,rent,1,1
58,123677,13,15,6,6,4922,0.89,0.8,12,5,1,48037,business,rent,1,0
53,87779,13,24,6,0,4686,1.35,0.11,15,6,2,17206,personal,rent,1,1
50,39029,1,1,13,0,32766,1.02,0.78,12,0,1,35831,personal,mortgage,5,1
21,79201,36,9,9,4,79943,1.72,0.91,1,0,2,44563,personal,rent,3,1
50,52265,4,1,9,8,32006,1.73,0.38,15,4,0,19361,home,mortgage,0,1
31,122916,37,15,3,5,31422,0.02,0.63,5,5,1,42335,personal,rent,4,0
38,132250,13,15,7,2,12205,1.56,0.43,13,8,0,9933,education,rent,1,1
65,136553,38,18,5,2,86590,0.92,0.44,0,0,1,26816,business,own,0,0
37,63872,24,28,3,6,23527,1.98,0.31,16,3,0,16619,personal,rent,0,1
73,66197,19,6,3,5,18443,0.97,0.76,10,9,1,38687,business,own,3,1
25,145733,1,21,1,8,16524,1.97,0.94,18,7,1,27943,auto,own,5,1
24,75180,38,11,13,5,28202,1.51,0.94,2,9,2,27819,auto,mortgage,4,1
20,43710,5,23,1,4,65552,0.5,0.17,10,8,0,12741,personal,rent,5,0
34,49486,16,14,11,9,46142,1.08,0.87,4,2,2,9798,business,rent,4,1
50,91907,24,7,13,6,61692,1.98,0.74,16,1,2,26143,auto,rent,1,1
65,148876,27,5,3,0,82384,1.72,0.25,6,3,0,33747,personal,own,1,1
29,91895,1,27,4,6,20855,0.19,0.07,9,1,1,48334,business,rent,0,0
68,84435,34,26,7,2,83747,1.41,0.27,10,0,2,34651,personal,mortgage,4,1
39,60631,36,9,14,8,60372,0.69,0.91,2,2,0,22182,business,mortgage,4,0
72,149038,4,2,5,5,25095,0.01,0.63,19,6,1,10415,auto,rent,5,1
39,121532,0,18,13,8,38724,0.81,0.72,9,0,2,12085,personal,own,1,0
63,40103,39,16,14,4,49241,0.47,0.26,9,1,2,16008,auto,mortgage,2,1
47,84772,11,6,3,6,52003,1.64,0.72,13,0,2,23102,personal,mortgage,0,1
55,146108,35,20,12,3,68379,0.67,0.03,11,7,1,19452,home,own,4,0
55,34382,22,19,10,6,94837,1.66,0.38,14,4,2,9120,auto,mortgage,3,1
62,104291,30,25,6,0,91996,0.0,0.63,9,7,1,8820,auto,own,3,0
68,121195,10,3,7,6,97454,0.62,0.15,9,2,2,45669,education,mortgage,2,1
71,23756,9,13,1,7,94283,0.48,0.82,18,6,0,19170,auto,own,1,0
25,40609,2,19,11,4,15972,0.47,0.24,0,7,2,17259,business,mortgage,1,0
44,134074,13,21,6,1,93846,0.14,0.65,9,5,0,23099,personal,rent,1,0
44,36478,15,14,14,4,22927,0.37,0.41,1,6,0,10649,home,mortgage,5,0
51,120978,9,23,13,5,66630,1.11,0.6,16,1,0,31255,business,mortgage,3,1
38,59666,28,7,1,1,52347,0.58,0.11,6,7,1,42037,business,rent,1,1
47,95683,9,20,1,5,99708,0.83,0.02,6,4,0,12805,business,rent,3,0
50,119097,11,14,7,5,88860,0.75,0.91,19,6,2,44147,business,rent,2,1
45,144714,29,21,1,0,86210,1.75,0.27,8,0,1,9744,home,rent,0,1
64,120420,0,19,14,0,69518,1.81,0.82,1,4,0,47053,education,own,5,1
50,91315,4,27,10,9,45283,0.99,1.0,13,0,1,42241,auto,own,4,0
22,97834,19,13,8,2,81326,0.66,0.21,16,7,1,33305,business,mortgage,2,1
65,146205,7,26,11,9,12205,0.21,0.27,0,3,1,26857,auto,mortgage,3,0
36,34153,11,28,0,9,89874,1.91,0.66,8,3,2,11679,auto,mortgage,2,1
21,129415,0,8,14,2,12748,0.12,0.97,19,1,0,48373,business,own,4,0
52,96325,19,7,8,3,21097,0.6,0.92,18,4,1,30829,education,mortgage,5,1
66,129701,27,25,14,1,3092,0.6,0.5,3,0,1,11985,auto,mortgage,0,0
34,32999,36,27,0,8,53311,0.64,0.8,7,8,1,29287,personal,own,4,1
61,75318,36,25,9,9,22692,0.33,0.14,12,4,0,13391,auto,mortgage,5,0
45,20814,11,16,12,6,23862,1.57,0.98,3,5,1,5861,business,own,3,1
47,135033,36,1,9,6,90396,0.24,0.96,8,1,1,35364,home,own,4,0
46,96077,27,24,1,5,79507,1.27,0.16,8,9,2,17863,auto,rent,2,1
63,110474,14,23,5,2,80152,0.25,0.3,17,9,0,32499,education,rent,1,0
70,22443,5,29,5,5,70469,0.14,0.1,11,0,2,28794,personal,own,2,0
23,95993,19,2,0,7,4926,1.82,0.27,9,3,0,43923,personal,own,3,1
52,95916,13,7,6,7,91299,0.38,0.82,10,6,0,8919,home,rent,0,1
58,93319,1,11,7,8,3969,1.64,0.38,6,5,0,44102,home,mortgage,4,1
54,145885,8,0,1,0,35733,1.09,0.09,8,9,2,21282,auto,mortgage,0,1
41,129777,36,9,7,0,69855,0.16,0.34,5,0,2,48396,business,mortgage,3,0
46,37368,19,19,8,2,41743,1.91,0.98,18,0,2,35840,education,own,4,1
66,35328,25,2,5,2,39876,0.49,0.63,15,7,2,43255,personal,rent,5,1
63,76942,28,5,4,9,20323,1.72,0.42,14,3,1,6624,home,mortgage,5,1
70,111751,0,6,11,7,16428,0.34,0.17,6,4,1,34706,education,rent,2,1
48,119131,34,19,8,9,34578,1.71,0.99,15,6,1,9176,business,rent,2,1
52,47306,5,22,12,0,86486,0.03,0.82,4,7,0,34529,personal,own,3,0
50,105451,36,24,11,1,64140,1.02,0.28,15,9,1,13941,personal,mortgage,5,1
69,59915,4,26,10,1,83829,1.54,0.07,0,6,0,2669,business,rent,4,1
38,57219,32,17,8,2,6364,1.87,0.06,18,1,2,40896,personal,own,5,1
49,100879,13,10,0,5,35349,1.82,0.12,4,3,0,21246,business,own,2,0
40,131939,11,18,10,0,691,1.64,0.58,6,9,0,45859,personal,own,3,1
50,84644,19,4,2,1,95598,1.78,0.93,18,0,1,41076,auto,mortgage,5,1
20,80279,23,18,8,0,66467,0.4,0.5,4,9,2,21323,business,mortgage,3,0
35,73028,33,10,10,4,45896,0.57,0.84,16,8,2,34894,education,own,5,1
42,124263,24,23,1,6,57062,0.58,0.45,7,2,1,7021,auto,mortgage,0,0
59,20126,28,11,11,7,97266,0.75,0.71,0,2,2,40205,education,mortgage,5,1
48,72329,38,9,3,9,79762,0.79,0.73,1,9,2,40807,personal,rent,2,1
71,47632,30,7,3,0,13861,1.09,0.17,14,8,2,37903,education,own,4,1
20,127099,22,23,1,6,96837,0.32,0.36,19,9,1,48879,auto,own,2,1
57,85310,37,27,14,4,88302,1.38,0.64,17,2,2,45732,business,mortgage,2,1
63,129945,19,27,2,9,63928,0.34,0.07,10,7,0,9711,home,own,2,1
41,75176,22,8,12,0,83231,0.62,0.36,9,1,0,8904,education,own,3,1
67,139797,15,3,2,2,41347,1.01,0.53,3,2,2,36051,home,own,1,1
49,106066,7,4,0,6,3121,1.59,1.0,4,1,1,21942,education,mortgage,1,1
64,125500,20,20,5,9,83793,1.48,0.47,3,0,1,25251,education,mortgage,0,0
39,146413,0,7,7,0,28164,1.29,0.82,12,1,1,26058,business,mortgage,2,1
40,64327,7,22,11,6,25491,0.31,0.43,12,7,2,36245,personal,rent,1,1
19,88904,28,8,2,4,59222,1.09,0.8,17,8,2,4093,auto,own,0,1
44,23797,31,14,4,0,23165,0.17,0.6,1,1,0,25918,auto,rent,3,0
59,67882,37,14,0,0,3748,0.75,0.89,15,6,1,8207,auto,mortgage,2,1
19,33718,4,15,9,0,98581,0.83,0.41,0,4,0,10394,personal,rent,4,1
43,54560,21,13,6,8,26553,0.08,0.6,18,2,0,27974,home,own,3,0
34,96589,33,7,9,2,60380,0.55,0.63,8,8,1,29172,auto,own,0,1
57,42116,0,17,12,4,44331,1.91,0.42,2,5,2,33283,home,mortgage,3,1
50,56244,25,9,0,9,96033,1.91,0.14,6,0,2,48609,personal,mortgage,4,1
26,121721,9,27,11,8,96844,0.7,0.09,9,4,0,39995,personal,rent,3,0
60,21645,29,19,10,5,39560,0.09,0.02,0,6,0,14280,business,mortgage,0,0
71,67523,17,5,8,8,53865,0.36,0.87,9,3,0,37303,auto,rent,4,0
65,144085,16,11,7,7,46686,0.78,0.24,8,7,0,28453,business,own,4,0
56,137718,25,1,6,7,75910,1.9,0.21,14,9,1,44350,auto,own,3,1
46,39256,7,6,9,0,4675,0.28,0.74,14,4,0,3913,personal,own,4,0
59,121376,39,15,14,8,66706,1.53,0.32,2,8,0,26765,personal,own,3,1
72,120158,11,2,6,5,77986,0.22,0.51,4,8,2,3340,education,own,2,0
43,73173,26,12,4,8,76216,1.96,0.16,8,8,2,27179,education,rent,4,1
52,57430,7,2,4,2,10068,0.76,0.96,8,0,2,28873,personal,own,3,1
67,59282,24,26,10,2,54460,1.55,0.85,6,1,1,39057,personal,rent,2,1
42,139719,3,17,12,5,46418,0.69,0.86,11,2,1,1597,home,own,4,1
41,83374,32,10,4,8,26206,1.26,0.41,8,3,2,30119,home,rent,2,1
30,88244,0,7,0,6,287,0.38,0.76,5,9,2,16025,business,rent,5,0
24,31694,18,5,7,2,22337,0.29,0.14,1,8,0,8145,education,rent,4,0
74,76264,30,0,11,2,20666,1.88,0.01,8,9,0,36670,education,mortgage,5,1
53,95060,15,27,10,1,1161,1.84,0.02,16,5,1,42723,personal,rent,0,1
62,117416,13,0,0,8,90071,1.77,0.59,0,0,1,8694,personal,rent,0,1
37,77545,4,22,3,2,98064,1.25,0.46,18,8,0,5830,business,own,3,1
18,138195,25,7,14,4,38751,1.62,0.52,5,5,2,24930,education,rent,1,1
25,59224,27,4,8,8,82063,0.14,0.01,4,3,0,24752,home,rent,5,0
63,122516,1,27,13,7,89389,0.67,0.42,1,3,1,43602,auto,mortgage,5,0
33,117945,5,15,8,1,14758,0.63,0.72,8,2,1,11489,business,own,0,0
31,33224,8,10,4,2,65780,1.27,0.44,13,6,0,33692,auto,mortgage,5,1
29,60738,32,4,3,1,3178,0.71,0.73,3,2,0,16768,home,mortgage,1,0
68,45150,24,3,2,7,31831,0.3,0.23,3,1,0,44132,home,mortgage,2,0
40,83731,12,29,2,5,2176,1.19,0.81,14,9,1,3160,auto,rent,2,1
32,69688,8,5,11,5,33654,1.63,0.59,7,7,2,47036,business,mortgage,1,1
45,119929,12,13,4,8,26627,0.76,0.21,3,3,0,21133,auto,mortgage,5,0
51,128618,30,21,9,7,52550,0.26,0.24,15,7,1,48253,business,own,5,0
19,93509,10,18,0,3,44910,0.39,0.63,3,0,1,36690,business,own,5,0
49,28577,3,8,4,3,90417,0.47,0.83,15,4,1,23870,personal,own,3,1
40,28070,33,11,5,8,58251,0.6,0.42,11,8,0,25496,education,own,4,1
39,146161,37,10,6,0,35422,1.29,0.26,15,0,0,37572,education,mortgage,1,1
68,28666,3,13,11,1,11984,1.2,0.87,18,3,2,3368,home,own,1,1
42,77761,37,22,8,1,89312,1.39,0.67,7,5,1,48925,personal,rent,1,1
39,141178,18,15,2,5,61386,0.73,0.45,5,9,0,41861,education,mortgage,1,0
39,56368,5,0,14,3,83291,1.65,0.49,9,7,1,37700,business,own,1,1
66,26783,33,12,1,9,7135,0.41,0.2,4,2,1,30203,business,mortgage,5,0
69,131530,17,22,13,2,320,0.94,0.63,17,4,2,12552,auto,own,3,1
59,61914,12,20,2,2,94171,1.6,0.36,9,6,0,6608,auto,mortgage,0,1
23,90507,22,20,11,2,21684,0.36,1.0,9,0,0,46667,business,own,5,0
32,147738,18,29,8,5,55913,0.22,0.48,6,6,1,23485,business,rent,5,0
71,99026,10,12,11,7,88774,1.77,0.49,17,7,1,43060,auto,own,4,1
60,135893,0,1,6,6,21889,0.69,0.57,0,7,2,10862,education,mortgage,0,1
54,131255,23,3,8,3,95849,1.37,0.92,6,8,2,39299,home,mortgage,1,1
50,130616,6,27,12,3,98071,0.05,0.8,0,5,2,11412,auto,rent,0,0
25,87526,24,5,1,9,48899,1.38,0.45,14,5,2,22354,education,mortgage,3,1
70,90835,20,25,4,1,10770,0.63,0.72,3,1,2,7344,education,rent,2,1
61,65765,14,26,12,0,39321,0.11,0.59,19,2,2,41655,education,mortgage,5,0
61,39956,0,22,3,8,85962,1.22,0.49,9,3,1,18993,personal,mortgage,0,1
22,107895,11,26,14,1,41777,0.48,0.19,8,3,2,29682,personal,rent,4,0
56,66240,6,4,1,7,46250,0.77,0.46,1,7,1,49926,education,mortgage,3,0
21,141008,14,24,8,8,73034,0.16,0.25,13,0,1,29415,business,mortgage,2,0
23,57148,20,2,8,3,40130,0.29,0.91,15,9,0,20323,personal,rent,3,1
62,114270,18,0,5,7,81931,0.6,0.34,0,3,1,18997,auto,own,1,0
49,147978,28,3,10,8,49346,0.18,0.95,1,3,1,4679,personal,rent,2,0
69,24757,24,24,5,9,2537,1.82,0.53,6,0,2,30489,business,mortgage,4,1
47,39097,32,19,7,9,84762,0.01,0.63,9,2,1,41308,home,own,2,0
64,30395,31,1,5,4,15216,0.97,0.54,19,4,2,10488,personal,own,4,1
52,36241,34,25,0,6,84149,0.25,0.13,0,5,2,40842,education,own,1,0
72,123892,37,29,3,9,3009,0.62,0.38,12,8,2,4996,education,rent,4,1
57,47696,25,29,12,3,89904,1.85,0.1,0,8,0,6695,education,own,3,1
69,135654,10,4,6,0,29327,0.32,0.62,4,8,2,31204,home,own,0,0
33,90480,34,2,12,2,14209,1.93,0.45,15,0,1,24382,business,own,3,1
30,66163,7,28,12,4,48443,0.41,0.78,14,8,2,15235,auto,mortgage,5,1
67,39816,13,27,1,2,15029,1.48,0.22,16,7,2,3366,business,rent,3,1
59,69840,9,28,8,6,67613,1.09,0.16,15,1,2,28467,home,rent,2,1
47,122547,1,8,7,8,79443,1.77,0.41,12,0,0,47932,education,mortgage,1,1
36,72853,8,19,7,5,56997,1.11,0.93,10,0,1,7764,business,own,5,1
34,44917,2,5,6,9,62559,1.07,0.71,16,5,0,26360,auto,mortgage,5,0
73,116731,20,17,3,0,64892,0.39,0.42,16,8,1,49295,education,mortgage,5,1
36,41566,25,5,1,6,70409,0.33,0.52,1,6,0,32923,auto,own,0,0
45,95452,7,18,2,2,8635,1.83,0.08,12,4,1,31175,personal,own,4,1
72,82823,1,27,11,4,33065,0.66,0.98,13,1,0,17292,auto,rent,2,0
43,141392,5,11,5,9,33783,0.74,0.67,10,0,2,2614,education,own,1,1
54,40806,27,24,11,3,34152,1.52,0.29,9,1,0,21939,personal,mortgage,0,1
43,95520,28,10,11,9,58741,0.68,0.59,2,0,0,48164,education,mortgage,3,0
70,21759,25,1,4,4,51502,1.9,0.11,16,2,2,19800,education,own,1,1
40,146092,24,14,11,4,29092,1.48,0.97,14,5,2,24246,personal,rent,5,1
26,61949,11,11,7,5,17653,1.19,0.17,8,7,1,32688,auto,mortgage,1,1
29,112374,4,11,5,9,97999,1.76,0.65,9,2,1,28962,home,own,1,1
70,22482,33,8,5,9,99564,0.1,0.25,7,9,1,30764,home,rent,3,1
18,44442,36,20,0,5,40469,0.51,0.72,12,8,0,33470,home,rent,4,1
18,53719,14,23,3,7,86483,0.93,0.78,17,9,1,39501,home,mortgage,2,1
64,78066,35,1,4,7,59754,0.45,0.67,4,4,0,4216,business,mortgage,5,0
51,113501,14,21,11,8,29978,1.49,0.61,5,6,0,23072,home,rent,4,1
49,22079,22,2,10,7,87592,1.84,0.89,16,7,1,29242,personal,rent,0,1
71,22717,5,11,2,1,94543,0.85,0.08,10,2,1,38132,home,rent,5,0
65,79676,20,27,12,9,43169,0.68,0.33,19,1,0,46037,education,own,2,0
42,47952,22,29,8,0,48287,1.92,0.25,15,1,2,18861,home,mortgage,0,1
57,106444,15,25,0,9,54745,0.89,0.99,8,4,2,47597,auto,rent,3,1
62,62460,14,15,5,1,5543,0.98,0.39,1,0,0,5960,personal,mortgage,4,0
70,110397,24,20,5,1,56392,0.7,0.73,4,1,1,19781,personal,mortgage,5,1
18,92847,35,27,9,2,21067,1.82,0.68,0,8,0,42069,business,mortgage,1,1
33,113607,10,23,4,9,51033,1.14,0.21,3,6,0,32126,education,rent,2,0
56,109106,14,25,11,6,45256,1.52,0.24,3,5,1,42609,personal,own,5,1
22,38449,3,29,14,1,90633,1.62,0.28,2,8,2,23578,auto,rent,1,1
39,53536,20,0,4,0,69345,0.68,0.41,8,6,0,41498,home,mortgage,5,1
46,84077,12,20,9,5,22191,0.87,0.23,11,4,2,18883,personal,rent,0,0
72,58258,21,2,13,8,86803,1.7,0.02,9,8,2,30782,auto,rent,1,1
20,68302,18,19,12,2,72742,0.73,0.88,1,5,1,17979,home,mortgage,1,1
29,145937,33,1,4,5,86593,1.59,0.97,10,5,0,34746,business,mortgage,5,1
43,48865,13,8,5,2,28992,1.88,0.34,9,3,0,1730,personal,rent,3,1
33,26645,3,18,7,0,81531,1.25,0.34,5,0,2,1056,personal,rent,3,0
68,139771,26,14,1,4,48803,1.48,0.01,17,4,2,32457,auto,rent,4,1
54,58000,28,17,5,9,63477,1.61,0.68,1,8,1,3243,education,rent,0,1
39,46737,27,25,0,3,13210,1.69,0.83,1,7,2,2701,business,own,3,1
74,31485,34,10,3,6,83329,0.79,0.15,9,7,1,9303,education,rent,5,1
46,58565,7,24,13,5,26270,0.1,0.16,15,4,0,16100,personal,own,3,0
31,45522,15,22,9,9,62008,0.8,0.79,11,8,1,46766,education,mortgage,4,1
45,139614,35,15,2,6,5197,1.35,0.62,0,2,2,43161,home,own,2,1
22,85155,29,21,8,4,7452,0.9,0.04,7,2,0,1947,business,mortgage,4,0
64,75168,17,16,2,3,41486,1.5,0.62,15,0,1,21505,education,own,1,1
66,72487,1,4,14,6,14859,0.71,0.31,17,8,0,7553,home,mortgage,1,1
47,149948,12,11,5,6,27236,1.27,0.37,12,5,1,34525,auto,rent,3,1
63,32342,3,10,0,5,31899,0.37,0.77,14,1,2,15866,education,own,3,1
69,60806,25,29,11,7,32083,1.5,0.81,11,7,2,31472,business,own,4,1
22,68770,24,14,5,3,67708,1.09,0.4,7,8,0,45348,home,mortgage,4,1
29,98623,29,26,3,9,16663,0.41,0.95,9,8,0,6651,education,mortgage,5,1
33,123177,10,2,7,4,93076,0.58,0.41,13,1,0,8273,auto,own,0,1
43,119785,6,0,12,3,19053,1.5,0.77,4,1,1,11033,education,mortgage,5,1
43,95629,30,19,10,0,11085,0.97,0.48,17,6,2,4535,home,rent,1,1
65,140993,9,28,8,7,30564,0.43,0.9,18,3,0,19677,education,own,5,0
38,72603,38,15,3,0,89745,1.93,0.91,14,0,0,18488,business,rent,4,1
56,146944,12,1,9,4,59095,1.43,0.09,5,7,0,42621,personal,own,5,1
53,132726,30,1,11,5,69517,1.91,0.94,10,1,1,1908,home,rent,2,1
50,101974,6,2,9,5,21153,0.85,0.83,10,2,0,5617,home,own,0,1
47,125947,35,7,5,4,5247,0.95,0.79,19,4,0,43816,home,mortgage,4,1
54,46399,19,23,0,2,10553,1.8,0.2,19,2,1,31431,home,own,3,1
40,148177,3,27,3,4,20811,1.05,0.81,17,6,1,24453,education,rent,5,1
27,105382,6,14,6,7,95381,1.41,0.85,17,6,0,36079,business,own,4,1
71,101244,0,6,11,1,6135,0.5,0.29,9,1,0,17020,auto,rent,3,0
22,129575,12,5,14,5,5573,0.89,0.95,1,6,1,47353,business,rent,3,1
53,135520,21,8,0,8,79267,0.25,0.05,8,5,2,47785,home,rent,1,0
51,130904,20,19,7,7,7189,0.41,0.15,13,9,1,46320,education,mortgage,1,1
69,96534,21,27,11,7,80077,0.0,0.54,18,8,2,27562,education,own,4,0
48,75106,27,0,9,7,43646,0.08,0.58,9,8,0,25373,home,rent,4,0
27,132599,8,7,11,6,76623,1.95,0.65,3,1,0,47105,education,mortgage,2,1
36,50678,25,22,10,7,53687,0.48,0.02,5,6,2,31164,home,rent,0,1
49,96218,8,22,5,5,68312,1.33,0.96,13,4,1,2885,business,own,0,1
18,83230,14,2,4,1,27564,1.68,0.04,3,5,0,2049,personal,mortgage,4,1
73,134684,9,3,9,1,28835,1.1,0.14,14,0,2,44271,education,rent,1,1
22,94055,23,25,10,7,61587,0.31,0.01,15,6,1,2161,home,rent,5,0
62,76373,7,24,14,0,7697,1.46,0.57,6,5,2,1815,home,rent,2,1
21,51480,23,14,13,5,80165,1.2,0.93,16,3,1,37534,education,own,0,1
33,105230,15,5,8,5,73922,1.46,0.67,18,0,1,28498,auto,mortgage,4,1
41,88836,25,14,1,3,17046,1.54,0.82,18,8,1,26037,home,mortgage,1,1
33,92258,26,20,4,9,57823,1.95,0.01,16,3,1,37007,education,mortgage,1,1
72,59986,36,2,5,2,73580,1.15,0.54,5,1,2,14942,home,rent,1,1
19,44160,3,24,6,2,53370,0.68,0.46,10,7,2,28278,auto,mortgage,5,0
66,105595,23,20,4,0,9615,1.3,0.5,15,1,2,9272,personal,rent,3,1
45,121358,18,20,8,2,5060,0.14,0.07,7,4,2,34637,auto,own,5,0
49,99111,35,13,0,3,76436,1.79,0.68,10,5,2,39294,business,mortgage,1,1
44,84929,38,19,6,4,60519,0.24,0.5,6,7,1,8741,education,rent,4,0
37,93506,9,13,9,2,71117,0.66,0.77,18,0,0,5694,auto,mortgage,2,0
41,54911,24,3,6,5,61158,1.63,0.49,9,0,0,31306,personal,mortgage,5,1
29,107127,17,11,3,4,34782,1.19,0.15,8,3,2,2934,home,own,4,1
67,51821,18,16,8,2,85709,0.79,0.65,3,4,2,22556,education,mortgage,1,1
52,95039,35,6,13,5,78533,0.95,0.17,14,8,0,19907,auto,own,2,1
50,80535,9,8,11,5,58255,1.71,0.87,12,6,1,7159,personal,mortgage,0,1
50,133453,32,2,10,7,72684,0.68,0.61,1,6,2,49487,auto,mortgage,0,1
68,104458,4,27,4,1,56918,1.74,0.16,1,7,1,30158,business,mortgage,4,1
60,32175,34,12,3,0,84284,0.18,0.96,15,4,0,21293,education,mortgage,2,0
54,139235,33,14,12,3,79558,1.55,0.52,8,4,0,46761,home,mortgage,4,1
29,74771,32,17,6,6,85549,1.7,0.07,12,0,2,47581,personal,mortgage,2,1
20,126660,20,18,3,9,81422,0.36,0.63,2,8,1,34932,auto,own,2,0
18,147157,16,0,14,2,25256,0.86,0.25,8,5,2,34387,education,own,4,1
50,141300,21,5,2,2,30005,0.33,0.8,12,8,0,41750,auto,rent,2,1
57,106925,36,26,8,4,6638,1.41,0.82,1,2,1,4066,education,mortgage,5,0
27,133374,14,26,10,4,37419,1.07,0.98,7,4,2,22256,business,own,1,1
60,86358,34,22,7,9,33377,1.27,0.5,8,1,2,42406,auto,mortgage,2,1
61,37327,27,26,0,2,43116,0.39,0.45,15,9,2,36105,business,mortgage,5,1
46,67057,6,26,6,8,36634,0.42,0.75,1,4,0,6594,personal,own,2,0
30,26150,31,1,8,3,82291,0.08,0.13,5,7,2,3460,business,mortgage,5,0
29,24425,10,23,7,2,23382,0.64,0.55,7,1,1,7820,education,own,4,1
48,143654,9,13,7,1,56063,1.12,0.55,4,7,2,37210,personal,own,0,1
63,36032,8,5,12,9,22394,1.72,0.09,8,3,0,17191,auto,rent,3,1
19,22198,13,13,5,8,67789,1.33,0.42,0,9,2,20095,auto,rent,2,1
68,80500,12,3,10,3,864,0.87,0.85,8,9,0,11529,education,rent,3,1
67,73394,24,20,3,2,99572,1.91,0.86,9,0,0,33175,home,rent,2,1
52,40079,1,7,7,6,40222,1.44,0.1,3,4,1,18675,home,mortgage,4,1
40,56220,34,29,2,7,13666,1.86,0.09,2,0,1,44158,auto,mortgage,4,1
34,61874,6,2,12,1,20955,1.06,0.26,9,6,2,47798,education,rent,5,1
43,33859,20,18,8,6,81845,0.52,0.87,14,7,0,6374,home,own,2,1
25,70460,17,29,12,4,69590,0.11,0.13,10,2,0,26976,business,own,4,0
46,51419,2,13,1,4,66471,1.45,0.72,13,2,1,14142,auto,own,4,1
43,138865,38,26,1,2,88314,0.24,0.1,5,6,1,13204,business,own,2,0
27,28705,10,19,11,4,43298,0.61,0.62,11,3,2,8394,education,mortgage,5,1
43,62880,38,16,12,1,63108,1.06,0.36,12,2,0,34593,business,own,5,1
51,149838,23,24,14,3,48924,1.13,0.79,16,7,1,42964,home,own,5,1
68,43236,18,7,11,5,16709,1.2,0.23,15,2,2,12652,home,rent,5,1
58,107955,3,23,6,0,9726,0.33,0.64,2,6,0,34740,personal,own,0,0
24,105514,25,13,11,9,60824,0.76,0.24,1,1,0,45036,auto,mortgage,2,0
21,123145,37,25,9,3,40542,1.23,0.71,10,0,1,1443,education,own,0,0
70,35358,31,5,3,5,20245,1.94,0.87,8,5,2,24903,auto,own,4,1
67,119713,38,22,9,8,34753,1.46,0.13,2,7,1,34522,business,mortgage,0,1
62,114914,35,21,7,1,79788,1.85,0.87,17,0,2,29180,education,rent,5,1
28,122870,39,15,8,6,21316,1.52,0.59,19,9,0,49791,education,mortgage,4,1
46,96918,36,24,6,5,84698,1.18,0.13,14,8,2,22119,home,rent,0,1
73,139179,32,18,4,1,15960,0.38,0.43,13,2,2,11363,business,own,0,0
53,136243,35,13,7,7,30791,1.33,0.16,1,2,2,44665,home,rent,2,1
42,34596,2,18,3,6,25216,1.25,0.7,16,3,2,39164,home,rent,0,1
38,53572,8,2,1,4,32467,1.2,0.76,7,0,2,32541,personal,rent,4,1
74,98757,7,9,10,4,64427,0.98,0.11,9,8,1,4465,home,own,5,1
53,21279,32,18,14,6,62047,1.06,0.51,17,2,2,3711,auto,rent,2,1
27,83197,5,8,11,8,73290,0.67,0.81,18,9,2,26198,education,rent,0,1
54,131496,38,27,5,8,47014,1.04,0.94,7,3,0,23488,home,own,2,1
26,82516,3,19,8,8,4078,0.4,0.51,7,0,2,39515,auto,mortgage,3,0
41,27083,12,12,0,5,78389,1.61,0.95,2,3,0,24608,business,mortgage,2,1
52,140674,1,6,10,9,50519,0.37,0.54,2,0,1,28898,education,mortgage,5,0
66,140307,4,13,9,5,4042,0.17,0.39,11,4,1,2919,business,own,3,0
52,146457,26,8,11,2,49052,0.87,0.85,16,4,2,32171,auto,own,3,1
65,129397,31,26,6,0,14389,1.32,0.49,3,6,1,47241,business,mortgage,2,1
53,37771,20,27,9,6,95961,0.88,0.47,16,7,2,21599,business,rent,4,1
35,49975,7,22,8,3,68111,0.55,0.49,13,3,1,17965,business,mortgage,5,1
66,65648,37,24,9,0,93715,1.12,0.85,18,6,2,48003,home,own,4,1
56,145641,7,27,8,7,50733,0.69,0.83,8,3,2,49478,home,rent,5,1
49,68285,2,18,9,5,34754,1.87,0.4,11,2,0,15434,home,rent,5,1
41,39063,2,14,10,5,18624,1.85,0.33,4,5,0,47246,education,own,4,1
40,87642,21,19,12,1,85886,1.0,0.49,10,3,0,37649,auto,rent,1,1
49,110093,5,13,2,0,26681,0.66,0.57,19,2,0,2999,home,mortgage,3,0
54,134390,1,23,10,1,89524,1.47,0.24,2,8,2,15849,business,own,2,1
29,106143,22,5,12,3,81006,0.07,0.79,14,4,1,11903,business,own,4,0
66,57599,1,20,4,1,24704,0.95,0.49,13,6,2,48468,business,own,4,1
72,71920,37,28,7,0,94913,0.67,0.33,10,5,0,6445,business,own,2,0
30,48529,16,3,7,6,94108,1.84,0.11,19,9,0,36396,personal,rent,3,1
40,55954,34,7,3,7,7493,0.02,0.24,7,4,1,19040,education,own,2,0
42,47856,33,16,14,5,69639,1.11,0.95,3,6,0,1246,auto,own,5,1
52,22573,22,29,14,3,54383,1.48,0.31,11,5,2,32153,auto,rent,1,1
58,98344,29,8,11,5,2994,0.97,0.17,7,9,2,6212,home,own,5,1
47,55367,7,0,10,2,69280,0.17,0.46,5,1,2,4339,personal,rent,1,0
34,122337,21,23,10,7,47234,1.94,0.31,14,2,2,24142,auto,rent,2,1
66,126732,35,19,0,9,47291,1.04,0.04,11,1,2,20394,education,own,5,0
37,119608,4,24,0,1,92868,1.23,0.32,15,2,1,36136,business,mortgage,3,0
65,80774,12,13,14,4,5594,0.47,0.54,15,0,2,13186,home,own,5,1
42,43752,28,10,3,0,7371,0.97,0.55,19,7,0,35607,education,mortgage,4,1
39,75029,30,20,5,5,47315,0.86,0.36,19,5,0,39973,auto,rent,1,1
30,37685,15,2,7,1,83564,0.15,0.45,3,1,0,5395,personal,mortgage,1,0
36,71693,29,8,5,3,79526,0.21,0.97,10,7,0,16290,home,own,3,1
66,136739,15,26,11,5,16626,1.67,0.38,12,5,1,23151,auto,own,1,1
53,75961,11,13,8,9,86005,0.48,0.26,8,6,0,4691,home,mortgage,1,0
29,126937,16,29,14,7,7130,0.39,0.24,3,0,1,8470,auto,own,3,0
58,144956,15,8,14,7,6828,1.01,0.46,11,6,0,4841,business,mortgage,5,1
36,96908,11,3,8,5,57514,1.54,0.76,8,2,1,38116,personal,rent,2,1
29,145537,7,26,13,3,52664,0.12,0.21,12,7,1,18776,business,mortgage,5,0
26,146678,19,3,1,7,17883,1.15,0.71,15,5,1,7060,auto,mortgage,4,1
24,94532,2,27,9,7,43059,0.24,0.02,5,3,0,28584,education,mortgage,4,0
45,101994,15,7,0,9,84078,0.07,0.42,9,7,1,49293,business,mortgage,1,0
31,76133,29,1,1,0,42932,0.11,0.78,12,8,2,5300,education,rent,4,1
48,117425,22,8,4,3,61269,1.67,0.34,6,9,2,4338,auto,rent,2,1
69,145055,27,28,3,3,75986,0.24,0.56,18,1,0,6487,personal,rent,1,0
36,81268,39,13,3,6,85959,0.09,0.2,18,5,2,37282,education,mortgage,4,0
64,112201,4,21,8,6,2035,0.88,0.74,16,4,2,30529,auto,rent,0,1
33,58243,19,8,10,7,40745,1.69,0.05,12,4,2,31262,education,own,0,1
70,77384,39,23,7,4,17241,0.52,0.85,12,9,0,12280,business,rent,0,1
22,51653,0,22,5,6,52975,0.84,0.2,1,2,0,44075,auto,mortgage,0,0
52,46657,29,15,0,7,23154,0.08,0.87,9,7,2,29804,business,own,5,0
29,59952,20,28,1,8,25625,0.9,0.35,12,7,0,10915,home,mortgage,0,1
42,42180,19,29,5,2,44950,1.16,0.72,8,4,1,12158,auto,own,1,1
69,117432,5,16,10,2,98602,1.14,0.32,0,7,2,9621,education,mortgage,3,1
38,141829,21,15,1,3,56396,0.66,0.91,13,9,0,11547,home,mortgage,5,1
53,148377,17,29,14,4,99227,0.63,0.13,15,7,0,24177,business,own,3,0
70,98411,7,11,12,9,13331,0.21,0.18,19,2,2,47253,business,rent,1,0
40,21622,38,2,9,0,63927,0.73,0.49,14,1,0,3459,education,own,1,1
33,68756,31,10,4,6,86226,0.2,0.08,0,8,2,29768,home,own,2,0
74,60809,32,13,13,8,84719,1.53,0.2,16,1,0,39041,personal,own,5,1
56,36725,15,17,4,7,63014,1.93,0.94,12,8,1,43225,education,own,3,1
62,81396,11,20,5,4,39346,1.94,0.98,14,3,2,39191,business,own,0,1
70,71226,37,20,5,3,70411,1.73,0.38,15,1,1,18434,auto,mortgage,1,1
59,126296,33,4,13,6,54478,1.2,0.92,15,9,2,39247,home,mortgage,0,1
56,101182,13,15,5,4,12254,1.4,0.54,1,0,0,16419,personal,rent,3,1
31,102565,35,19,13,6,55734,0.57,0.27,16,3,1,36017,auto,rent,5,0
48,49402,32,4,1,0,28621,1.26,0.7,10,8,0,36577,home,own,4,1
22,24263,22,2,13,0,76441,0.91,0.66,7,8,2,3921,education,rent,4,1
52,143489,1,11,9,9,46121,0.96,0.99,19,3,2,5676,education,rent,1,1
40,116523,20,0,13,2,81418,1.52,0.27,2,8,2,21425,home,own,2,1
46,66828,1,20,12,1,60197,0.56,0.67,11,5,2,36185,personal,mortgage,0,1
60,140824,26,28,14,1,84577,0.64,0.05,19,0,2,14463,home,mortgage,1,0
28,67924,8,8,13,6,94634,1.85,0.11,15,9,1,26474,auto,rent,2,1
35,94182,0,28,2,9,42431,0.11,0.0,13,5,2,41935,auto,mortgage,0,0
64,113065,10,8,13,1,99245,0.97,1.0,15,8,0,2469,education,mortgage,3,1
29,79052,2,3,5,3,4837,1.83,0.8,16,1,1,8292,home,rent,4,1
26,31664,22,2,12,1,90025,1.22,0.79,10,5,0,26409,education,own,2,1
27,55737,25,16,7,5,83163,1.09,0.51,16,1,2,24526,personal,rent,0,1
61,121332,3,1,11,7,71232,0.5,0.3,18,3,0,24465,auto,rent,1,1
34,109563,17,23,12,9,48994,0.69,0.15,0,7,1,31955,business,rent,0,0
55,49373,5,0,10,3,79079,1.7,0.28,11,6,1,27785,business,own,1,1
24,137369,34,7,11,4,12615,1.12,0.38,14,8,1,22033,home,own,4,1
63,56397,21,12,0,3,1466,1.03,0.76,17,6,0,7931,home,own,4,1
30,148575,14,22,0,2,30771,0.2,0.54,13,0,1,2091,business,own,0,0
57,106145,21,14,10,4,83886,0.03,0.08,0,1,0,26772,home,rent,0,0
59,121371,36,7,12,8,65911,1.93,0.02,12,5,2,17363,auto,mortgage,1,1
26,58709,11,11,1,7,98566,0.75,0.1,14,6,2,29490,personal,rent,1,1
67,136074,37,21,10,7,20746,1.21,0.41,6,2,0,1260,personal,own,2,0
44,81120,17,11,14,7,88422,0.16,0.93,14,8,1,11456,education,mortgage,2,0
19,39250,34,13,11,7,60739,1.37,0.64,19,6,0,23320,auto,rent,2,1
22,41172,29,14,11,6,98187,1.87,0.8,9,5,0,14435,home,mortgage,0,1
46,31555,23,14,5,7,73369,1.15,0.47,13,5,0,43145,home,own,5,1
54,107410,29,8,8,7,1893,0.25,0.36,5,0,2,49581,education,mortgage,5,0
55,98617,13,18,3,7,30573,1.16,0.11,13,4,0,28025,education,mortgage,5,1
36,73276,5,25,2,9,96907,1.53,0.88,11,9,2,29109,home,own,5,1
25,77492,2,19,11,6,40874,0.81,0.78,10,2,0,21754,home,mortgage,2,0
65,73002,15,28,7,0,77362,1.76,0.17,19,6,2,5301,auto,rent,0,1
62,140103,6,21,10,3,99956,1.3,0.51,18,9,0,8207,education,mortgage,5,1
18,144938,13,7,9,3,87460,1.8,0.49,1,2,0,28920,auto,rent,4,1
39,109599,8,20,13,4,33367,1.25,0.63,19,4,1,23203,home,mortgage,3,1
69,92355,14,18,8,9,21199,0.26,0.95,0,6,1,22545,business,mortgage,4,0
34,111248,20,5,11,5,91404,0.62,0.58,7,2,0,25016,business,own,0,0
24,44762,34,19,10,3,74328,0.4,0.54,13,9,0,32098,home,own,0,1
42,31046,1,24,4,1,57724,1.82,0.05,8,1,0,9556,education,rent,3,1
62,116999,26,28,8,5,86133,1.52,0.06,1,5,0,47563,business,own,1,1
21,144130,1,18,1,7,36405,1.35,0.19,4,7,1,21102,education,own,1,1
53,136021,34,3,2,7,98232,0.6,0.03,7,3,2,39893,business,own,1,1
23,48769,17,22,6,6,15989,0.37,0.74,15,8,0,2924,education,own,2,0
48,73302,13,6,6,5,28931,1.51,0.72,15,7,1,20479,business,own,1,1
36,43150,19,27,5,1,9290,0.95,0.14,12,6,0,40451,education,rent,2,1
61,88247,17,27,5,6,38367,0.45,0.84,19,6,0,19922,auto,rent,2,0
71,24853,9,3,1,4,79878,1.23,0.15,14,2,2,19660,education,own,1,1
56,114613,24,21,9,5,90477,0.08,0.3,0,5,0,47099,auto,own,1,0
44,140900,1,11,5,9,79481,0.65,0.25,2,4,0,10945,auto,rent,3,0
27,109399,24,12,3,7,76298,0.94,0.37,5,0,2,1306,home,mortgage,5,0
43,41792,32,2,11,7,30133,0.3,0.25,13,2,2,23959,auto,rent,3,1
36,79129,35,21,2,2,27052,1.97,0.49,3,0,2,5231,personal,mortgage,2,1
56,126019,30,11,12,6,85489,0.42,0.41,17,3,2,39796,auto,own,3,1
20,94478,13,1,10,0,40475,0.26,0.99,14,9,1,13207,education,own,2,1
62,133811,0,23,12,0,82666,0.41,0.06,8,2,1,40426,auto,rent,0,0
30,134130,15,1,1,6,96622,1.54,0.14,17,3,1,7336,education,own,2,1
67,87298,2,26,0,9,57656,0.85,0.05,2,8,0,47664,education,mortgage,2,0
45,51987,34,22,10,8,4633,1.13,0.63,9,2,2,10630,personal,mortgage,3,1
37,35850,5,8,10,6,17304,0.04,0.05,16,5,2,18256,auto,rent,5,1
45,32112,24,0,4,9,97820,0.07,0.84,6,5,1,34909,auto,mortgage,0,0
25,141789,12,7,1,4,46546,0.89,0.51,14,6,0,42168,business,rent,4,1
58,44058,33,22,1,7,7008,1.63,0.53,0,8,0,34719,business,rent,4,1
56,65420,7,5,6,1,48291,1.77,0.56,10,6,0,43017,home,mortgage,5,1
18,58890,20,5,7,8,27405,0.17,0.17,16,0,1,46704,education,mortgage,4,0
20,86017,33,21,12,5,36386,1.08,0.2,4,7,0,31013,personal,mortgage,0,1
30,67304,3,24,9,8,90909,1.83,0.32,6,4,0,15455,business,mortgage,1,1
45,52921,24,17,7,1,20827,0.78,0.59,18,8,0,5722,auto,mortgage,0,1
74,125921,14,16,13,2,33040,1.66,0.21,14,9,2,13812,home,mortgage,3,1
66,21524,3,28,3,7,60354,0.27,0.12,2,4,1,31276,personal,mortgage,2,0
42,120424,11,11,14,0,78543,1.87,0.97,14,4,2,37776,auto,own,2,1
73,35048,31,5,13,9,18157,1.5,0.02,4,1,2,11060,auto,rent,3,1
50,55111,31,25,0,6,97693,1.88,0.8,11,2,1,14056,education,rent,3,1
55,57904,27,26,10,6,35315,1.35,0.79,19,9,2,7655,education,mortgage,2,1
70,74912,12,7,6,0,35932,0.73,0.3,4,8,0,23574,business,rent,5,0
23,54008,30,18,0,8,21164,1.88,0.14,2,6,0,14027,business,mortgage,1,1
61,20060,13,27,10,7,14414,0.55,0.15,8,0,0,5030,auto,own,1,0
62,94666,19,9,3,3,14327,0.66,0.7,8,2,0,25243,auto,rent,1,1
49,103559,17,0,7,9,946,1.4,0.64,6,1,1,34289,business,rent,3,1
62,75337,28,24,1,4,14693,1.53,0.78,1,0,2,20739,business,own,2,1
64,130616,5,28,5,1,27241,1.86,0.94,15,8,2,35168,auto,own,5,1
38,33350,31,12,12,8,95790,0.41,0.69,8,7,0,45698,personal,own,2,1
33,44354,28,16,5,5,15540,1.6,0.16,12,4,0,37491,auto,rent,2,1
71,65186,1,2,11,2,72255,1.48,0.24,18,1,2,31013,personal,rent,5,1
38,48145,22,7,8,6,64757,0.13,0.84,19,0,1,7579,personal,own,0,1
28,54020,18,13,4,8,41203,0.77,0.21,16,6,2,19242,auto,own,5,1
54,106123,30,2,9,2,25081,0.57,0.07,5,1,0,5781,home,own,0,0
53,126667,4,15,3,1,61861,0.61,0.7,3,0,0,21448,business,own,4,0
52,95186,18,12,4,6,11350,1.97,0.4,0,1,1,46641,education,own,0,1
36,105469,33,19,11,6,55512,1.29,0.92,17,6,2,22446,auto,mortgage,1,1
37,40581,9,23,11,3,56809,1.44,0.65,18,6,1,12043,personal,own,1,1
74,108929,24,16,9,8,97557,1.95,0.09,8,9,1,20853,auto,mortgage,5,1
35,43051,1,12,14,7,42832,0.75,0.95,12,5,0,21079,business,rent,1,1
64,71474,10,28,10,0,28369,1.6,0.26,7,4,2,18101,personal,rent,1,1
58,111748,30,5,4,0,31728,0.87,0.34,12,2,0,1642,education,mortgage,4,1
66,145995,14,16,7,4,17576,1.74,0.4,14,2,2,29016,education,own,1,1
31,134618,8,13,9,5,29001,0.36,0.05,10,8,0,19932,education,rent,3,0
32,89626,22,16,11,2,83384,1.9,0.5,11,3,0,45653,home,own,3,1
48,26960,18,29,7,8,390,0.44,0.12,13,8,2,25945,personal,own,3,0
18,55772,8,7,1,9,87535,0.65,0.4,3,3,2,8549,personal,mortgage,0,1
70,41520,34,10,6,5,45436,1.51,0.35,0,1,0,14397,home,rent,5,1
71,69481,20,19,7,3,11569,0.79,0.77,3,3,2,26362,personal,rent,5,1
71,56408,8,27,10,6,13029,1.22,0.8,18,5,0,48842,home,mortgage,2,1
20,114006,27,0,5,7,22490,0.89,0.15,8,5,2,47539,auto,own,4,1
33,148496,6,25,4,8,45875,1.48,0.37,9,4,0,34717,business,own,3,1
40,77134,15,6,10,5,5867,0.46,0.37,3,0,0,24016,education,rent,3,0
74,40491,15,20,8,5,80820,0.12,0.15,19,2,0,15732,home,mortgage,1,0
28,21341,32,20,12,7,99515,0.6,0.8,8,4,1,27911,home,mortgage,3,1
29,64623,3,16,2,4,9121,0.95,0.71,12,5,2,18866,home,own,1,1
27,110327,3,29,11,2,1539,0.34,0.19,11,0,0,43607,auto,own,1,0
49,20338,38,9,12,2,91024,0.71,0.37,10,8,1,28621,home,mortgage,2,1
33,91431,39,10,12,5,17027,0.8,0.11,11,2,0,13823,business,rent,0,0
25,32254,16,21,9,1,74229,0.11,0.63,17,9,1,30986,business,own,1,1
55,71860,36,29,3,5,8921,1.17,0.12,11,2,0,15690,education,mortgage,1,0
29,31344,38,8,8,5,50435,1.77,0.99,15,1,0,40107,auto,mortgage,5,1
41,21750,28,8,5,7,10310,0.3,0.78,4,7,1,11956,business,mortgage,2,0
45,74756,35,23,7,6,63965,1.2,0.39,19,2,1,22303,personal,rent,1,1
70,87957,37,4,6,7,96444,1.33,0.58,11,5,2,37533,personal,own,4,1
25,125423,38,16,10,8,69922,0.84,0.91,10,1,2,30674,personal,own,0,1
45,78053,36,8,1,5,97799,1.4,0.55,8,6,1,36595,home,own,4,1
53,90855,34,16,2,2,93948,0.82,0.17,17,3,2,3058,home,rent,3,1
43,35896,6,23,0,9,82839,1.01,0.38,2,8,1,12519,personal,own,0,1
25,75761,26,20,8,2,12242,0.01,0.84,19,9,2,32115,education,own,3,1
67,82552,27,18,12,0,8947,1.38,0.64,16,8,0,1730,education,own,5,1
45,140075,21,26,6,4,71466,1.32,0.65,13,6,2,2832,home,own,1,1
45,97454,13,6,0,3,61816,0.08,0.87,0,7,0,42368,personal,rent,2,0
54,146522,6,22,2,8,48785,0.74,0.89,16,2,0,23889,education,mortgage,4,0
58,138681,36,8,3,8,507,1.96,0.92,7,4,2,49386,home,mortgage,3,1
53,110600,21,6,3,4,66972,0.84,0.09,4,1,1,40938,personal,own,1,0
44,142732,4,12,4,9,27151,1.0,0.54,4,9,0,5179,auto,own,4,1
71,132153,1,10,13,3,11618,1.82,0.74,8,6,0,7299,personal,own,4,1
34,142926,26,13,2,6,74286,1.43,0.76,2,7,2,8830,personal,rent,5,1
26,47935,20,18,2,5,16122,1.16,0.61,18,8,1,45207,business,own,5,1
50,57641,37,10,0,3,7354,1.6,0.17,8,6,1,38570,business,rent,3,1
70,49711,14,12,6,9,30979,1.73,0.8,17,9,2,23441,auto,own,1,1
37,90342,20,13,10,1,86436,0.91,0.72,15,9,1,7615,auto,own,2,1
30,126896,9,12,9,0,79376,0.95,0.09,0,7,2,7762,personal,mortgage,3,1
45,32182,22,0,13,3,52774,0.77,0.46,1,8,2,39311,education,own,4,1
65,107833,38,7,0,3,5037,1.93,0.17,13,5,2,25709,auto,rent,4,1
46,76276,4,11,1,0,28633,1.39,0.34,13,9,0,38651,personal,mortgage,0,1
30,39541,0,18,12,5,24495,0.17,0.02,0,1,0,24434,home,rent,1,0
63,114457,12,11,3,3,64550,1.73,0.4,15,1,0,22343,business,mortgage,0,1
52,102310,20,7,12,0,81384,0.96,0.55,14,3,2,16739,education,rent,5,1
23,64813,25,7,3,0,36483,0.14,0.62,14,8,0,1666,personal,mortgage,2,1
35,57198,20,28,4,0,73373,1.1,0.66,11,6,0,34044,home,rent,3,1
68,28820,17,20,10,7,34069,0.83,0.84,15,1,0,28883,business,rent,4,0
22,44070,36,12,1,9,7370,1.76,0.22,13,7,2,15063,home,own,1,1
64,89768,31,11,3,7,71947,0.41,0.12,14,6,2,34649,personal,mortgage,4,1
42,31122,35,28,0,1,39133,1.65,0.85,14,8,2,35828,auto,mortgage,5,1
19,100559,16,15,1,6,96035,1.12,0.16,18,7,0,48445,business,own,0,1
27,93543,34,0,0,7,95761,0.11,0.97,7,2,1,40470,home,rent,0,0
73,103441,10,12,9,7,692,1.94,0.84,1,0,0,10429,auto,rent,3,1
47,61786,20,25,9,9,28926,1.03,0.5,1,1,0,49621,education,mortgage,1,0
67,114934,25,6,12,6,99782,0.58,0.98,9,1,2,33926,personal,rent,5,0
62,119804,3,27,3,4,73984,0.94,0.1,2,3,2,49764,personal,mortgage,1,0
22,26737,33,25,3,0,43390,1.72,0.3,16,5,0,38997,business,mortgage,3,1
72,56062,17,4,6,8,49593,0.61,0.64,7,3,0,41724,home,rent,5,0
73,74237,39,7,9,6,75609,0.39,0.35,3,8,1,33269,education,rent,5,1
50,71571,34,24,10,1,5209,0.26,0.93,13,3,1,32704,business,rent,0,0
71,45510,28,26,10,5,6533,0.6,0.07,9,5,2,29391,business,own,0,0
18,39426,28,13,8,1,86597,1.56,0.55,0,5,1,25187,home,mortgage,0,1
35,57265,37,22,8,0,7211,0.94,0.59,3,9,1,46334,education,rent,4,1
49,37850,20,29,4,6,9927,0.45,0.65,0,9,2,3526,home,own,2,0
64,138249,12,12,9,1,77463,0.33,0.26,16,0,1,25686,personal,rent,0,0
66,86150,16,14,0,1,24594,0.67,0.36,16,7,0,8803,auto,mortgage,2,1
28,107312,8,22,0,4,74852,1.88,0.84,6,2,1,33668,personal,own,2,1
38,109613,0,16,5,4,77713,0.69,0.19,19,5,2,7574,personal,mortgage,1,1
43,94910,1,14,1,6,76382,1.98,0.83,14,2,0,9733,business,rent,3,1
42,72375,28,19,7,0,7933,0.97,0.56,12,1,1,8257,personal,rent,4,1
39,141826,32,17,12,7,40696,0.36,0.76,1,4,0,37051,education,rent,2,0
44,55435,9,17,8,2,65449,1.78,0.71,18,0,0,16909,personal,own,4,1
66,116443,39,1,12,3,67616,0.92,0.21,12,8,1,25146,education,own,1,1
30,77132,20,3,3,8,6089,1.42,0.57,10,6,1,12802,home,own,0,1
50,98945,27,29,4,3,56548,1.97,0.87,14,2,2,8896,business,own,5,1
51,102050,10,0,10,9,26123,0.1,0.43,9,3,2,29133,education,rent,2,0
58,149828,33,3,7,4,7797,0.19,0.97,8,5,0,14526,personal,rent,3,0
52,115402,7,17,2,6,50013,1.44,0.45,8,2,2,12278,business,rent,5,1
18,22983,21,4,4,3,8346,0.56,0.14,19,6,0,47010,business,own,1,1
38,117241,7,18,2,0,85414,0.37,0.39,0,5,0,26551,education,own,4,0
65,40662,14,14,11,8,33672,0.08,0.95,16,8,2,26298,education,rent,0,1
72,43510,16,27,9,3,17653,0.04,0.32,11,4,2,36338,auto,rent,4,0
23,98187,22,7,2,8,49556,1.55,0.87,9,3,2,23191,auto,own,3,1
45,60998,23,19,2,5,26140,0.27,0.88,4,2,1,34092,business,mortgage,2,0
34,76846,18,16,12,0,1184,0.94,0.35,17,9,0,24871,auto,rent,3,1
22,114071,4,0,11,2,34493,1.21,0.08,14,0,0,10721,personal,rent,4,1
48,26640,31,11,6,1,44148,0.86,0.72,5,2,0,39413,home,rent,4,1
22,64547,0,25,14,8,24846,0.05,0.31,6,2,2,31279,business,own,5,0
55,74620,22,18,6,0,22195,1.57,0.78,16,6,2,15404,home,rent,3,1
20,35317,36,14,6,8,5606,0.02,0.44,5,6,2,5486,auto,rent,3,1
70,135608,7,8,9,8,3956,1.52,0.49,7,0,2,36198,education,rent,3,1
40,27564,12,6,7,7,16555,1.79,0.78,11,2,2,29687,business,rent,0,1
54,47345,7,1,4,7,90385,0.87,0.38,13,7,1,14156,auto,rent,4,1
70,133824,22,28,4,0,18690,1.07,0.44,11,8,2,1567,personal,mortgage,1,1
54,114223,0,8,13,7,58502,0.95,0.38,9,6,0,3179,business,mortgage,0,1
27,143372,23,9,3,9,48849,0.78,0.37,19,6,2,3019,business,rent,0,1
27,99273,34,1,6,2,26347,1.77,0.53,14,7,0,16919,education,rent,0,1
36,94859,23,18,9,6,98725,1.79,0.81,6,5,2,20703,business,rent,5,1
34,100765,16,10,3,0,91321,0.67,0.36,8,2,2,19704,education,rent,1,1
38,130017,4,12,14,0,49056,1.23,0.52,9,0,0,19030,auto,own,3,0
31,94038,19,9,1,9,63851,1.85,0.67,9,6,0,4909,personal,own,5,1
26,143618,20,13,3,4,98234,1.92,0.27,15,0,0,9015,personal,own,4,1
63,72393,39,17,12,4,81502,1.02,0.28,6,0,0,4420,business,mortgage,2,0
18,86081,30,18,12,7,96633,0.91,0.93,4,8,1,48653,business,rent,5,1
68,145341,35,21,7,6,81418,0.56,0.72,2,9,0,17740,auto,own,2,1
62,122650,10,8,8,7,70211,1.92,0.58,17,6,2,41253,education,rent,4,1
30,49430,14,24,2,5,41850,0.29,0.65,10,3,2,31328,personal,rent,1,0
21,95532,18,6,6,5,78545,1.16,0.03,14,5,1,20465,education,mortgage,2,1
18,47788,6,27,13,1,27843,0.57,0.62,19,0,0,5131,auto,mortgage,0,1
66,115505,27,2,11,5,62320,0.56,0.51,4,6,2,11652,personal,own,5,1
57,68543,4,19,13,4,29793,0.81,0.55,11,5,1,22507,personal,own,2,1
49,33919,4,5,8,2,39516,2.0,0.36,3,3,2,48147,home,mortgage,4,1
51,89346,29,26,10,5,17857,0.11,0.08,14,6,1,48671,auto,mortgage,0,0
45,116122,31,20,3,7,19627,1.16,0.19,8,2,1,49681,auto,rent,2,1
48,59974,7,1,9,8,61822,0.17,0.95,6,0,0,24806,home,rent,4,0
25,127309,9,28,14,0,84101,0.31,0.41,9,3,1,20171,education,own,1,0
56,36371,37,5,2,2,91561,0.88,0.47,12,2,2,21593,home,own,4,1
43,65084,31,2,4,2,52248,1.02,0.05,7,0,2,10470,auto,mortgage,1,1
51,49629,27,15,0,7,55798,0.52,0.04,11,1,0,45308,education,own,0,0
71,71184,16,29,2,0,93368,0.63,0.72,18,4,0,22326,personal,rent,4,1
71,81916,30,7,14,4,44116,0.17,0.54,0,7,1,5597,home,mortgage,3,0
20,147293,7,1,7,2,75318,0.61,0.51,15,0,0,38304,education,rent,5,0
67,93972,39,16,10,1,87902,1.93,0.24,16,3,2,31788,education,mortgage,3,1
29,82187,24,8,7,7,28557,1.89,0.74,17,3,2,43725,education,mortgage,3,1
18,32984,8,29,14,2,71334,0.67,0.17,10,4,0,37930,home,rent,3,1
71,53039,1,11,12,6,75163,1.14,0.19,17,6,0,34071,personal,own,5,1
61,105431,14,2,3,0,78002,1.82,0.46,6,7,0,6067,education,own,3,1
22,103691,2,10,1,5,42614,0.01,0.29,17,5,1,6024,home,own,1,0
47,78606,35,0,12,2,12720,1.62,0.25,7,0,1,8715,auto,own,4,1
47,30616,3,22,7,7,57608,1.9,0.65,5,6,2,32770,home,rent,0,1
74,122665,13,12,7,5,72095,0.18,0.65,6,2,1,12226,home,mortgage,3,0
34,125373,24,14,9,1,84694,0.32,0.82,9,5,1,36399,home,rent,3,0
65,70072,9,25,3,5,96452,1.92,0.42,10,7,1,14412,education,own,0,1
64,44574,20,4,2,6,87593,1.08,0.07,12,6,1,48805,home,own,0,1
40,23430,35,20,1,4,35892,0.03,0.27,8,9,2,45415,auto,rent,3,0
32,139123,11,29,8,2,77242,0.52,0.98,6,5,0,13569,education,mortgage,1,0
54,32676,26,16,0,3,77606,0.9,0.6,8,8,2,3369,auto,rent,0,1
38,30816,39,24,6,3,924,1.39,0.71,12,8,1,45427,business,rent,4,1
31,52733,1,22,4,5,51322,1.47,0.01,2,0,0,33021,home,rent,4,0
19,105680,12,23,7,9,26478,1.99,0.52,2,0,0,1528,education,mortgage,1,1
28,22050,31,24,3,0,71042,0.58,0.04,0,0,0,44270,education,rent,5,0
68,129996,30,5,6,3,46418,1.08,0.57,19,7,2,31314,home,rent,2,1
56,53933,15,27,12,9,62217,1.07,0.92,1,9,0,38443,personal,own,1,1
55,44951,31,20,4,3,90140,0.81,0.97,2,6,2,19047,personal,rent,3,1
51,52413,31,21,14,9,80846,0.34,0.54,14,2,2,20748,auto,own,2,0
55,54801,33,10,13,0,73762,1.95,0.46,5,1,1,36109,home,own,3,1
67,75619,10,17,4,8,11781,1.71,0.95,12,3,1,14919,home,own,4,1
51,52913,9,3,13,3,5515,1.0,0.67,0,2,0,48498,business,mortgage,0,0
35,132573,14,2,8,6,36133,1.21,0.06,19,6,0,16256,personal,own,3,1
47,139076,16,12,8,2,82508,0.45,0.47,18,9,1,5905,personal,rent,4,1
32,60600,39,22,12,9,97628,1.09,0.24,0,7,2,49307,home,rent,1,1
44,77775,17,8,8,2,76946,1.39,0.47,1,5,2,49023,auto,own,3,1
68,110816,8,20,11,7,85058,1.03,0.46,14,2,1,9884,home,own,4,1
51,149972,24,5,5,7,9095,1.98,0.58,13,5,2,29906,auto,rent,0,1
69,110093,39,25,5,0,88583,1.22,0.36,18,1,1,42911,personal,own,3,1
74,132590,13,29,4,9,20470,0.74,0.16,10,6,1,6950,business,mortgage,5,1
55,55400,24,27,8,1,43129,1.54,0.5,14,9,0,2360,education,own,4,1
50,24494,21,11,9,7,8531,0.34,0.83,5,6,0,38895,personal,mortgage,3,1
41,100688,29,1,7,0,37038,0.77,0.66,19,3,1,22946,auto,mortgage,0,1
32,142744,19,2,6,7,87939,0.69,0.34,8,7,0,48020,home,mortgage,3,1
47,109431,20,2,6,7,42674,0.86,0.94,4,3,1,9730,personal,own,3,1
72,94691,31,27,5,1,94658,1.56,0.91,19,6,2,23161,business,mortgage,5,1
59,117419,20,11,4,3,82476,0.97,0.21,1,3,2,28738,auto,mortgage,4,1
68,128730,34,14,12,5,29831,1.59,0.04,5,4,2,4925,home,own,2,1
34,63001,31,8,3,8,57174,1.15,0.74,17,6,2,9463,education,mortgage,3,1
22,87364,29,22,2,7,11279,0.68,0.83,18,9,1,18412,auto,own,2,1
46,144988,38,7,2,7,38220,1.62,0.97,8,2,2,23402,home,rent,1,1
21,65028,11,10,5,6,60610,0.48,0.89,5,9,2,35010,education,mortgage,3,1
27,127434,17,15,14,8,52719,0.45,0.6,13,4,2,26717,home,own,2,1
73,117659,20,25,3,1,53051,1.01,0.53,12,2,2,42552,education,rent,1,1
34,57573,12,26,11,2,72013,0.52,0.03,10,4,1,10797,education,mortgage,5,0
27,20806,20,24,11,9,56652,0.02,0.25,11,2,2,21594,education,mortgage,4,0
34,144343,7,21,5,7,65524,1.3,0.46,18,9,0,7406,home,own,3,1
37,76638,39,3,2,5,82936,1.02,0.63,18,6,0,14965,education,rent,4,1
41,148301,6,27,14,9,6470,0.89,0.56,18,0,0,14733,auto,own,1,1
22,146295,22,0,3,8,67598,1.93,0.74,12,8,0,27926,business,mortgage,4,1
51,126506,31,23,14,9,41798,1.14,0.28,13,8,0,29783,business,mortgage,4,1
23,49757,10,6,8,3,53473,1.73,0.56,17,4,0,18824,education,mortgage,0,1
